Workbook

Sheet INPUT DATA
A1: Input Data Sheet for Electronic-Class Record (ECR)
B7: SCHOOL INFORMATION | I7: LEARNERS' NAMES
C10: REGION | D10: : | E10: Region X | J10: MALE | M10: FEMALE
C11: DIVISION | D11: : | E11: BUKIDNON | J11: 1 | M11: 1
J12: 2 | M12: 2
C13: SCHOOL ID | D13: : | E13: 500246 | J13: 3 | M13: 3
C14: SCHOOL NAME | D14: : | E14: IMPALUTAO INTEGRATED SCHOOL | J14: 4 | M14: 4
C15: SCHOOL YEAR | D15: : | E15: 2026-2027 | J15: 5 | M15: 5
C16: SCHOOL HEAD | D16: : | E16: JOSIELIE B. PAESTE | J16: 6 | M16: 6
J17: 7 | M17: 7
J18: 8 | M18: 8
J19: 9 | M19: 9
B20: TEACHER, GRADE LEVEL, SECTION INFORMATION | J20: 10 | M20: 10
J21: 11 | M21: 11
J22: 12 | M22: 12
C23: SUBJECT TEACHER | D23: : | J23: 13 | M23: 13
C24: SUBJECT | D24: : | E24: English | J24: 14 | M24: 14
C25: GRADE LEVEL | D25: : | J25: 15 | M25: 15
C26: SECTION | D26: : | J26: 16 | M26: 16
J27: 17 | M27: 17
C28: IMPORTANT NOTE: This is the official and final version of the file. All tabs are password-protected to prevent accidental formula edits and maintain the accuracy and integrity of the data. If you identify any inconsistencies or issues, particularly with the formulas, please report them for appropriate review and necessary correction. | J28: 18 | M28: 18
J29: 19 | M29: 19
J30: 20 | M30: 20
J31: 21 | M31: 21
J32: 22 | M32: 22
J33: 23 | M33: 23
J34: 24 | M34: 24
J35: 25 | M35: 25
B36: Sheet Protection Password: password123 | J36: 26 | M36: 26
J37: 27 | M37: 27
J38: 28 | M38: 28
J39: 29 | M39: 29
J40: 30 | M40: 30
J41: 31 | M41: 31
J42: 32 | M42: 32
J43: 33 | M43: 33
J44: 34 | M44: 34
J45: 35 | M45: 35
J46: 36 | M46: 36
J47: 37 | M47: 37
J48: 38 | M48: 38
... J60: 50 | M60: 50
O62: 2026_v1.0

Sheet TERM 1
B2: CLASS RECORD
E5: REGION | F5: =IF('INPUT DATA'!E10="","",'INPUT DATA'!E10) | Q5: DIVISION | R5: =IF('INPUT DATA'!E11="","",'INPUT DATA'!E11) | Y5: SCHOOL ID | Z5: =IF('INPUT DATA'!E13="","",'INPUT DATA'!E13)
E7: SCHOOL NAME | F7: =IF('INPUT DATA'!E14="","",'INPUT DATA'!E14) | Y7: SCHOOL YEAR | Z7: =IF('INPUT DATA'!E15="","",'INPUT DATA'!E15)
B10: FIRST TERM | F10: GRADE LEVEL | J10: =IF('INPUT DATA'!E25="","",'INPUT DATA'!E25) | N10: TEACHER | Q10: =IF('INPUT DATA'!E23="","",'INPUT DATA'!E23) | Y10: SUBJECT | AA10: =IF('INPUT DATA'!E24="","",'INPUT DATA'!E24)
F11: SECTION | J11: =IF('INPUT DATA'!E26="","",'INPUT DATA'!E26)
F12: WRITTEN / ORAL WORKS (WWs) | N12: PRODUCT / PERFORMANCE TASKS (PTs) | T12: EXAMINATIONS (EXs) | AB12: Initial Grade | AC12: Term Grade | AD12: Descriptor
F14: 1 | G14: 2 | H14: 3 | I14: 4 | J14: 5 | K14: Total | L14: PS | M14: WS | N14: 1 | O14: 2 | P14: 3 | Q14: Total | R14: PS | S14: WS | T14: ST1 | U14: ST2 | V14: TE | W14: WS ST1 | X14: WS ST2 | Y14: WS TE | Z14: PS | AA14: WS
B15: HIGHEST POSSIBLE SCORE | K15: =IF(COUNT(F15:J15)=0,"",SUM(F15:J15)) | L15: 100 | M15: 0.2 | Q15: =IF(COUNT(N15:P15)=0,"",SUM(N15:P15)) | R15: 100 | S15: 0.5 | W15: 30 | X15: 30 | Y15: 40 | Z15: 100 | AA15: 0.3
B16: LEARNERS' NAMES
B17: MALE
B18: 1 | C18: =IF('INPUT DATA'!K11="","",'INPUT DATA'!K11) | K18: =IF(COUNT($F18:$J18)=0,"",SUM($F18:$J18)) | L18: =IF(COUNT(F18:J18)=0,"",IFERROR(K18/$K$15*$L$15,"")) | M18: =IF(L18="","",L18*$M$15) | Q18: =IF(COUNT(N18:P18)=0,"",SUM(N18:P18)) | R18: =IF(COUNT(N18:P18)=0,"",IFERROR(Q18/$Q$15*$R$15,"")) | S18: =IF(R18="","",R18*$S$15) | W18: =IF(T18="","",IFERROR(T18/$T$15*$W$15,"")) | X18: =IF(U18="","",IFERROR(U18/$U$15*$X$15,"")) | Y18: =IF(V18="","",IFERROR(V18/$V$15*$Y$15,"")) | Z18: =IF(COUNT(T18:V18)=0,"",SUM(W18:Y18)) | AA18: =IF(Z18="","",Z18*$AA$15) | AB18: =IF(COUNT(F18:J18,N18:P18,T18:V18)=0,"",SUM(M18,S18,AA18)) | AC18: {=IF(AB18="","",IFERROR(INDEX(HELPER!$D$8:$D$48,IF(AB18>=HELPER!$B$8,1,MATCH(AB18,HELPER!$B$8:$B$48,-1)+1)),""))} | AD18: =IF(AC18="","",IFERROR(VLOOKUP(AC18,HELPER!$F$8:$G$48,2,FALSE),""))
B19: 2 | C19: =IF('INPUT DATA'!K12="","",'INPUT DATA'!K12) | K19: =IF(COUNT($F19:$J19)=0,"",SUM($F19:$J19)) | L19: =IF(COUNT(F19:J19)=0,"",IFERROR(K19/$K$15*$L$15,"")) | M19: =IF(L19="","",L19*$M$15) | Q19: =IF(COUNT(N19:P19)=0,"",SUM(N19:P19)) | R19: =IF(COUNT(N19:P19)=0,"",IFERROR(Q19/$Q$15*$R$15,"")) | S19: =IF(R19="","",R19*$S$15) | W19: =IF(T19="","",IFERROR(T19/$T$15*$W$15,"")) | X19: =IF(U19="","",IFERROR(U19/$U$15*$X$15,"")) | Y19: =IF(V19="","",IFERROR(V19/$V$15*$Y$15,"")) | Z19: =IF(COUNT(T19:V19)=0,"",SUM(W19:Y19)) | AA19: =IF(Z19="","",Z19*$AA$15) | AB19: =IF(COUNT(F19:J19,N19:P19,T19:V19)=0,"",SUM(M19,S19,AA19)) | AC19: {=IF(AB19="","",IFERROR(INDEX(HELPER!$D$8:$D$48,IF(AB19>=HELPER!$B$8,1,MATCH(AB19,HELPER!$B$8:$B$48,-1)+1)),""))} | AD19: =IF(AC19="","",IFERROR(VLOOKUP(AC19,HELPER!$F$8:$G$48,2,FALSE),""))
B20: 3 | C20: =IF('INPUT DATA'!K13="","",'INPUT DATA'!K13) | K20: =IF(COUNT($F20:$J20)=0,"",SUM($F20:$J20)) | L20: =IF(COUNT(F20:J20)=0,"",IFERROR(K20/$K$15*$L$15,"")) | M20: =IF(L20="","",L20*$M$15) | Q20: =IF(COUNT(N20:P20)=0,"",SUM(N20:P20)) | R20: =IF(COUNT(N20:P20)=0,"",IFERROR(Q20/$Q$15*$R$15,"")) | S20: =IF(R20="","",R20*$S$15) | W20: =IF(T20="","",IFERROR(T20/$T$15*$W$15,"")) | X20: =IF(U20="","",IFERROR(U20/$U$15*$X$15,"")) | Y20: =IF(V20="","",IFERROR(V20/$V$15*$Y$15,"")) | Z20: =IF(COUNT(T20:V20)=0,"",SUM(W20:Y20)) | AA20: =IF(Z20="","",Z20*$AA$15) | AB20: =IF(COUNT(F20:J20,N20:P20,T20:V20)=0,"",SUM(M20,S20,AA20)) | AC20: {=IF(AB20="","",IFERROR(INDEX(HELPER!$D$8:$D$48,IF(AB20>=HELPER!$B$8,1,MATCH(AB20,HELPER!$B$8:$B$48,-1)+1)),""))} | AD20: =IF(AC20="","",IFERROR(VLOOKUP(AC20,HELPER!$F$8:$G$48,2,FALSE),""))
B21: 4 | C21: =IF('INPUT DATA'!K14="","",'INPUT DATA'!K14) | K21: =IF(COUNT($F21:$J21)=0,"",SUM($F21:$J21)) | L21: =IF(COUNT(F21:J21)=0,"",IFERROR(K21/$K$15*$L$15,"")) | M21: =IF(L21="","",L21*$M$15) | Q21: =IF(COUNT(N21:P21)=0,"",SUM(N21:P21)) | R21: =IF(COUNT(N21:P21)=0,"",IFERROR(Q21/$Q$15*$R$15,"")) | S21: =IF(R21="","",R21*$S$15) | W21: =IF(T21="","",IFERROR(T21/$T$15*$W$15,"")) | X21: =IF(U21="","",IFERROR(U21/$U$15*$X$15,"")) | Y21: =IF(V21="","",IFERROR(V21/$V$15*$Y$15,"")) | Z21: =IF(COUNT(T21:V21)=0,"",SUM(W21:Y21)) | AA21: =IF(Z21="","",Z21*$AA$15) | AB21: =IF(COUNT(F21:J21,N21:P21,T21:V21)=0,"",SUM(M21,S21,AA21)) | AC21: {=IF(AB21="","",IFERROR(INDEX(HELPER!$D$8:$D$48,IF(AB21>=HELPER!$B$8,1,MATCH(AB21,HELPER!$B$8:$B$48,-1)+1)),""))} | AD21: =IF(AC21="","",IFERROR(VLOOKUP(AC21,HELPER!$F$8:$G$48,2,FALSE),""))
B22: 5 | C22: =IF('INPUT DATA'!K15="","",'INPUT DATA'!K15) | K22: =IF(COUNT($F22:$J22)=0,"",SUM($F22:$J22)) | L22: =IF(COUNT(F22:J22)=0,"",IFERROR(K22/$K$15*$L$15,"")) | M22: =IF(L22="","",L22*$M$15) | Q22: =IF(COUNT(N22:P22)=0,"",SUM(N22:P22)) | R22: =IF(COUNT(N22:P22)=0,"",IFERROR(Q22/$Q$15*$R$15,"")) | S22: =IF(R22="","",R22*$S$15) | W22: =IF(T22="","",IFERROR(T22/$T$15*$W$15,"")) | X22: =IF(U22="","",IFERROR(U22/$U$15*$X$15,"")) | Y22: =IF(V22="","",IFERROR(V22/$V$15*$Y$15,"")) | Z22: =IF(COUNT(T22:V22)=0,"",SUM(W22:Y22)) | AA22: =IF(Z22="","",Z22*$AA$15) | AB22: =IF(COUNT(F22:J22,N22:P22,T22:V22)=0,"",SUM(M22,S22,AA22)) | AC22: {=IF(AB22="","",IFERROR(INDEX(HELPER!$D$8:$D$48,IF(AB22>=HELPER!$B$8,1,MATCH(AB22,HELPER!$B$8:$B$48,-1)+1)),""))} | AD22: =IF(AC22="","",IFERROR(VLOOKUP(AC22,HELPER!$F$8:$G$48,2,FALSE),""))
B23: 6 | C23: =IF('INPUT DATA'!K16="","",'INPUT DATA'!K16) | K23: =IF(COUNT($F23:$J23)=0,"",SUM($F23:$J23)) | L23: =IF(COUNT(F23:J23)=0,"",IFERROR(K23/$K$15*$L$15,"")) | M23: =IF(L23="","",L23*$M$15) | Q23: =IF(COUNT(N23:P23)=0,"",SUM(N23:P23)) | R23: =IF(COUNT(N23:P23)=0,"",IFERROR(Q23/$Q$15*$R$15,"")) | S23: =IF(R23="","",R23*$S$15) | W23: =IF(T23="","",IFERROR(T23/$T$15*$W$15,"")) | X23: =IF(U23="","",IFERROR(U23/$U$15*$X$15,"")) | Y23: =IF(V23="","",IFERROR(V23/$V$15*$Y$15,"")) | Z23: =IF(COUNT(T23:V23)=0,"",SUM(W23:Y23)) | AA23: =IF(Z23="","",Z23*$AA$15) | AB23: =IF(COUNT(F23:J23,N23:P23,T23:V23)=0,"",SUM(M23,S23,AA23)) | AC23: {=IF(AB23="","",IFERROR(INDEX(HELPER!$D$8:$D$48,IF(AB23>=HELPER!$B$8,1,MATCH(AB23,HELPER!$B$8:$B$48,-1)+1)),""))} | AD23: =IF(AC23="","",IFERROR(VLOOKUP(AC23,HELPER!$F$8:$G$48,2,FALSE),""))
B24: 7 | C24: =IF('INPUT DATA'!K17="","",'INPUT DATA'!K17) | K24: =IF(COUNT($F24:$J24)=0,"",SUM($F24:$J24)) | L24: =IF(COUNT(F24:J24)=0,"",IFERROR(K24/$K$15*$L$15,"")) | M24: =IF(L24="","",L24*$M$15) | Q24: =IF(COUNT(N24:P24)=0,"",SUM(N24:P24)) | R24: =IF(COUNT(N24:P24)=0,"",IFERROR(Q24/$Q$15*$R$15,"")) | S24: =IF(R24="","",R24*$S$15) | W24: =IF(T24="","",IFERROR(T24/$T$15*$W$15,"")) | X24: =IF(U24="","",IFERROR(U24/$U$15*$X$15,"")) | Y24: =IF(V24="","",IFERROR(V24/$V$15*$Y$15,"")) | Z24: =IF(COUNT(T24:V24)=0,"",SUM(W24:Y24)) | AA24: =IF(Z24="","",Z24*$AA$15) | AB24: =IF(COUNT(F24:J24,N24:P24,T24:V24)=0,"",SUM(M24,S24,AA24)) | AC24: {=IF(AB24="","",IFERROR(INDEX(HELPER!$D$8:$D$48,IF(AB24>=HELPER!$B$8,1,MATCH(AB24,HELPER!$B$8:$B$48,-1)+1)),""))} | AD24: =IF(AC24="","",IFERROR(VLOOKUP(AC24,HELPER!$F$8:$G$48,2,FALSE),""))
B25: 8 | C25: =IF('INPUT DATA'!K18="","",'INPUT DATA'!K18) | K25: =IF(COUNT($F25:$J25)=0,"",SUM($F25:$J25)) | L25: =IF(COUNT(F25:J25)=0,"",IFERROR(K25/$K$15*$L$15,"")) | M25: =IF(L25="","",L25*$M$15) | Q25: =IF(COUNT(N25:P25)=0,"",SUM(N25:P25)) | R25: =IF(COUNT(N25:P25)=0,"",IFERROR(Q25/$Q$15*$R$15,"")) | S25: =IF(R25="","",R25*$S$15) | W25: =IF(T25="","",IFERROR(T25/$T$15*$W$15,"")) | X25: =IF(U25="","",IFERROR(U25/$U$15*$X$15,"")) | Y25: =IF(V25="","",IFERROR(V25/$V$15*$Y$15,"")) | Z25: =IF(COUNT(T25:V25)=0,"",SUM(W25:Y25)) | AA25: =IF(Z25="","",Z25*$AA$15) | AB25: =IF(COUNT(F25:J25,N25:P25,T25:V25)=0,"",SUM(M25,S25,AA25)) | AC25: {=IF(AB25="","",IFERROR(INDEX(HELPER!$D$8:$D$48,IF(AB25>=HELPER!$B$8,1,MATCH(AB25,HELPER!$B$8:$B$48,-1)+1)),""))} | AD25: =IF(AC25="","",IFERROR(VLOOKUP(AC25,HELPER!$F$8:$G$48,2,FALSE),""))
B26: 9 | C26: =IF('INPUT DATA'!K19="","",'INPUT DATA'!K19) | K26: =IF(COUNT($F26:$J26)=0,"",SUM($F26:$J26)) | L26: =IF(COUNT(F26:J26)=0,"",IFERROR(K26/$K$15*$L$15,"")) | M26: =IF(L26="","",L26*$M$15) | Q26: =IF(COUNT(N26:P26)=0,"",SUM(N26:P26)) | R26: =IF(COUNT(N26:P26)=0,"",IFERROR(Q26/$Q$15*$R$15,"")) | S26: =IF(R26="","",R26*$S$15) | W26: =IF(T26="","",IFERROR(T26/$T$15*$W$15,"")) | X26: =IF(U26="","",IFERROR(U26/$U$15*$X$15,"")) | Y26: =IF(V26="","",IFERROR(V26/$V$15*$Y$15,"")) | Z26: =IF(COUNT(T26:V26)=0,"",SUM(W26:Y26)) | AA26: =IF(Z26="","",Z26*$AA$15) | AB26: =IF(COUNT(F26:J26,N26:P26,T26:V26)=0,"",SUM(M26,S26,AA26)) | AC26: {=IF(AB26="","",IFERROR(INDEX(HELPER!$D$8:$D$48,IF(AB26>=HELPER!$B$8,1,MATCH(AB26,HELPER!$B$8:$B$48,-1)+1)),""))} | AD26: =IF(AC26="","",IFERROR(VLOOKUP(AC26,HELPER!$F$8:$G$48,2,FALSE),""))
B27: 10 | C27: =IF('INPUT DATA'!K20="","",'INPUT DATA'!K20) | K27: =IF(COUNT($F27:$J27)=0,"",SUM($F27:$J27)) | L27: =IF(COUNT(F27:J27)=0,"",IFERROR(K27/$K$15*$L$15,"")) | M27: =IF(L27="","",L27*$M$15) | Q27: =IF(COUNT(N27:P27)=0,"",SUM(N27:P27)) | R27: =IF(COUNT(N27:P27)=0,"",IFERROR(Q27/$Q$15*$R$15,"")) | S27: =IF(R27="","",R27*$S$15) | W27: =IF(T27="","",IFERROR(T27/$T$15*$W$15,"")) | X27: =IF(U27="","",IFERROR(U27/$U$15*$X$15,"")) | Y27: =IF(V27="","",IFERROR(V27/$V$15*$Y$15,"")) | Z27: =IF(COUNT(T27:V27)=0,"",SUM(W27:Y27)) | AA27: =IF(Z27="","",Z27*$AA$15) | AB27: =IF(COUNT(F27:J27,N27:P27,T27:V27)=0,"",SUM(M27,S27,AA27)) | AC27: {=IF(AB27="","",IFERROR(INDEX(HELPER!$D$8:$D$48,IF(AB27>=HELPER!$B$8,1,MATCH(AB27,HELPER!$B$8:$B$48,-1)+1)),""))} | AD27: =IF(AC27="","",IFERROR(VLOOKUP(AC27,HELPER!$F$8:$G$48,2,FALSE),""))
B28: 11 | C28: =IF('INPUT DATA'!K21="","",'INPUT DATA'!K21) | K28: =IF(COUNT($F28:$J28)=0,"",SUM($F28:$J28)) | L28: =IF(COUNT(F28:J28)=0,"",IFERROR(K28/$K$15*$L$15,"")) | M28: =IF(L28="","",L28*$M$15) | Q28: =IF(COUNT(N28:P28)=0,"",SUM(N28:P28)) | R28: =IF(COUNT(N28:P28)=0,"",IFERROR(Q28/$Q$15*$R$15,"")) | S28: =IF(R28="","",R28*$S$15) | W28: =IF(T28="","",IFERROR(T28/$T$15*$W$15,"")) | X28: =IF(U28="","",IFERROR(U28/$U$15*$X$15,"")) | Y28: =IF(V28="","",IFERROR(V28/$V$15*$Y$15,"")) | Z28: =IF(COUNT(T28:V28)=0,"",SUM(W28:Y28)) | AA28: =IF(Z28="","",Z28*$AA$15) | AB28: =IF(COUNT(F28:J28,N28:P28,T28:V28)=0,"",SUM(M28,S28,AA28)) | AC28: {=IF(AB28="","",IFERROR(INDEX(HELPER!$D$8:$D$48,IF(AB28>=HELPER!$B$8,1,MATCH(AB28,HELPER!$B$8:$B$48,-1)+1)),""))} | AD28: =IF(AC28="","",IFERROR(VLOOKUP(AC28,HELPER!$F$8:$G$48,2,FALSE),""))
B29: 12 | C29: =IF('INPUT DATA'!K22="","",'INPUT DATA'!K22) | K29: =IF(COUNT($F29:$J29)=0,"",SUM($F29:$J29)) | L29: =IF(COUNT(F29:J29)=0,"",IFERROR(K29/$K$15*$L$15,"")) | M29: =IF(L29="","",L29*$M$15) | Q29: =IF(COUNT(N29:P29)=0,"",SUM(N29:P29)) | R29: =IF(COUNT(N29:P29)=0,"",IFERROR(Q29/$Q$15*$R$15,"")) | S29: =IF(R29="","",R29*$S$15) | W29: =IF(T29="","",IFERROR(T29/$T$15*$W$15,"")) | X29: =IF(U29="","",IFERROR(U29/$U$15*$X$15,"")) | Y29: =IF(V29="","",IFERROR(V29/$V$15*$Y$15,"")) | Z29: =IF(COUNT(T29:V29)=0,"",SUM(W29:Y29)) | AA29: =IF(Z29="","",Z29*$AA$15) | AB29: =IF(COUNT(F29:J29,N29:P29,T29:V29)=0,"",SUM(M29,S29,AA29)) | AC29: {=IF(AB29="","",IFERROR(INDEX(HELPER!$D$8:$D$48,IF(AB29>=HELPER!$B$8,1,MATCH(AB29,HELPER!$B$8:$B$48,-1)+1)),""))} | AD29: =IF(AC29="","",IFERROR(VLOOKUP(AC29,HELPER!$F$8:$G$48,2,FALSE),""))
... B67: 50 | C67: =IF('INPUT DATA'!K60="","",'INPUT DATA'!K60) | K67: =IF(COUNT($F67:$J67)=0,"",SUM($F67:$J67)) | L67: =IF(COUNT(F67:J67)=0,"",IFERROR(K67/$K$15*$L$15,"")) | M67: =IF(L67="","",L67*$M$15) | Q67: =IF(COUNT(N67:P67)=0,"",SUM(N67:P67)) | R67: =IF(COUNT(N67:P67)=0,"",IFERROR(Q67/$Q$15*$R$15,"")) | S67: =IF(R67="","",R67*$S$15) | W67: =IF(T67="","",IFERROR(T67/$T$15*$W$15,"")) | X67: =IF(U67="","",IFERROR(U67/$U$15*$X$15,"")) | Y67: =IF(V67="","",IFERROR(V67/$V$15*$Y$15,"")) | Z67: =IF(COUNT(T67:V67)=0,"",SUM(W67:Y67)) | AA67: =IF(Z67="","",Z67*$AA$15) | AB67: =IF(COUNT(F67:J67,N67:P67,T67:V67)=0,"",SUM(M67,S67,AA67)) | AC67: {=IF(AB67="","",IFERROR(INDEX(HELPER!$D$8:$D$48,IF(AB67>=HELPER!$B$8,1,MATCH(AB67,HELPER!$B$8:$B$48,-1)+1)),""))} | AD67: =IF(AC67="","",IFERROR(VLOOKUP(AC67,HELPER!$F$8:$G$48,2,FALSE),""))
B68: FEMALE
B69: 1 | C69: =IF('INPUT DATA'!N11="","",'INPUT DATA'!N11) | K69: =IF(COUNT($F69:$J69)=0,"",SUM($F69:$J69)) | L69: =IF(COUNT(F69:J69)=0,"",IFERROR(K69/$K$15*$L$15,"")) | M69: =IF(L69="","",L69*$M$15) | Q69: =IF(COUNT(N69:P69)=0,"",SUM(N69:P69)) | R69: =IF(COUNT(N69:P69)=0,"",IFERROR(Q69/$Q$15*$R$15,"")) | S69: =IF(R69="","",R69*$S$15) | W69: =IF(T69="","",IFERROR(T69/$T$15*$W$15,"")) | X69: =IF(U69="","",IFERROR(U69/$U$15*$X$15,"")) | Y69: =IF(V69="","",IFERROR(V69/$V$15*$Y$15,"")) | Z69: =IF(COUNT(T69:V69)=0,"",SUM(W69:Y69)) | AA69: =IF(Z69="","",Z69*$AA$15) | AB69: =IF(COUNT(F69:J69,N69:P69,T69:V69)=0,"",SUM(M69,S69,AA69)) | AC69: {=IF(AB69="","",IFERROR(INDEX(HELPER!$D$8:$D$48,IF(AB69>=HELPER!$B$8,1,MATCH(AB69,HELPER!$B$8:$B$48,-1)+1)),""))} | AD69: =IF(AC69="","",IFERROR(VLOOKUP(AC69,HELPER!$F$8:$G$48,2,FALSE),""))
B70: 2 | C70: =IF('INPUT DATA'!N12="","",'INPUT DATA'!N12) | K70: =IF(COUNT($F70:$J70)=0,"",SUM($F70:$J70)) | L70: =IF(COUNT(F70:J70)=0,"",IFERROR(K70/$K$15*$L$15,"")) | M70: =IF(L70="","",L70*$M$15) | Q70: =IF(COUNT(N70:P70)=0,"",SUM(N70:P70)) | R70: =IF(COUNT(N70:P70)=0,"",IFERROR(Q70/$Q$15*$R$15,"")) | S70: =IF(R70="","",R70*$S$15) | W70: =IF(T70="","",IFERROR(T70/$T$15*$W$15,"")) | X70: =IF(U70="","",IFERROR(U70/$U$15*$X$15,"")) | Y70: =IF(V70="","",IFERROR(V70/$V$15*$Y$15,"")) | Z70: =IF(COUNT(T70:V70)=0,"",SUM(W70:Y70)) | AA70: =IF(Z70="","",Z70*$AA$15) | AB70: =IF(COUNT(F70:J70,N70:P70,T70:V70)=0,"",SUM(M70,S70,AA70)) | AC70: {=IF(AB70="","",IFERROR(INDEX(HELPER!$D$8:$D$48,IF(AB70>=HELPER!$B$8,1,MATCH(AB70,HELPER!$B$8:$B$48,-1)+1)),""))} | AD70: =IF(AC70="","",IFERROR(VLOOKUP(AC70,HELPER!$F$8:$G$48,2,FALSE),""))
B71: 3 | C71: =IF('INPUT DATA'!N13="","",'INPUT DATA'!N13) | K71: =IF(COUNT($F71:$J71)=0,"",SUM($F71:$J71)) | L71: =IF(COUNT(F71:J71)=0,"",IFERROR(K71/$K$15*$L$15,"")) | M71: =IF(L71="","",L71*$M$15) | Q71: =IF(COUNT(N71:P71)=0,"",SUM(N71:P71)) | R71: =IF(COUNT(N71:P71)=0,"",IFERROR(Q71/$Q$15*$R$15,"")) | S71: =IF(R71="","",R71*$S$15) | W71: =IF(T71="","",IFERROR(T71/$T$15*$W$15,"")) | X71: =IF(U71="","",IFERROR(U71/$U$15*$X$15,"")) | Y71: =IF(V71="","",IFERROR(V71/$V$15*$Y$15,"")) | Z71: =IF(COUNT(T71:V71)=0,"",SUM(W71:Y71)) | AA71: =IF(Z71="","",Z71*$AA$15) | AB71: =IF(COUNT(F71:J71,N71:P71,T71:V71)=0,"",SUM(M71,S71,AA71)) | AC71: {=IF(AB71="","",IFERROR(INDEX(HELPER!$D$8:$D$48,IF(AB71>=HELPER!$B$8,1,MATCH(AB71,HELPER!$B$8:$B$48,-1)+1)),""))} | AD71: =IF(AC71="","",IFERROR(VLOOKUP(AC71,HELPER!$F$8:$G$48,2,FALSE),""))
B72: 4 | C72: =IF('INPUT DATA'!N14="","",'INPUT DATA'!N14) | K72: =IF(COUNT($F72:$J72)=0,"",SUM($F72:$J72)) | L72: =IF(COUNT(F72:J72)=0,"",IFERROR(K72/$K$15*$L$15,"")) | M72: =IF(L72="","",L72*$M$15) | Q72: =IF(COUNT(N72:P72)=0,"",SUM(N72:P72)) | R72: =IF(COUNT(N72:P72)=0,"",IFERROR(Q72/$Q$15*$R$15,"")) | S72: =IF(R72="","",R72*$S$15) | W72: =IF(T72="","",IFERROR(T72/$T$15*$W$15,"")) | X72: =IF(U72="","",IFERROR(U72/$U$15*$X$15,"")) | Y72: =IF(V72="","",IFERROR(V72/$V$15*$Y$15,"")) | Z72: =IF(COUNT(T72:V72)=0,"",SUM(W72:Y72)) | AA72: =IF(Z72="","",Z72*$AA$15) | AB72: =IF(COUNT(F72:J72,N72:P72,T72:V72)=0,"",SUM(M72,S72,AA72)) | AC72: {=IF(AB72="","",IFERROR(INDEX(HELPER!$D$8:$D$48,IF(AB72>=HELPER!$B$8,1,MATCH(AB72,HELPER!$B$8:$B$48,-1)+1)),""))} | AD72: =IF(AC72="","",IFERROR(VLOOKUP(AC72,HELPER!$F$8:$G$48,2,FALSE),""))
B73: 5 | C73: =IF('INPUT DATA'!N15="","",'INPUT DATA'!N15) | K73: =IF(COUNT($F73:$J73)=0,"",SUM($F73:$J73)) | L73: =IF(COUNT(F73:J73)=0,"",IFERROR(K73/$K$15*$L$15,"")) | M73: =IF(L73="","",L73*$M$15) | Q73: =IF(COUNT(N73:P73)=0,"",SUM(N73:P73)) | R73: =IF(COUNT(N73:P73)=0,"",IFERROR(Q73/$Q$15*$R$15,"")) | S73: =IF(R73="","",R73*$S$15) | W73: =IF(T73="","",IFERROR(T73/$T$15*$W$15,"")) | X73: =IF(U73="","",IFERROR(U73/$U$15*$X$15,"")) | Y73: =IF(V73="","",IFERROR(V73/$V$15*$Y$15,"")) | Z73: =IF(COUNT(T73:V73)=0,"",SUM(W73:Y73)) | AA73: =IF(Z73="","",Z73*$AA$15) | AB73: =IF(COUNT(F73:J73,N73:P73,T73:V73)=0,"",SUM(M73,S73,AA73)) | AC73: {=IF(AB73="","",IFERROR(INDEX(HELPER!$D$8:$D$48,IF(AB73>=HELPER!$B$8,1,MATCH(AB73,HELPER!$B$8:$B$48,-1)+1)),""))} | AD73: =IF(AC73="","",IFERROR(VLOOKUP(AC73,HELPER!$F$8:$G$48,2,FALSE),""))
B74: 6 | C74: =IF('INPUT DATA'!N16="","",'INPUT DATA'!N16) | K74: =IF(COUNT($F74:$J74)=0,"",SUM($F74:$J74)) | L74: =IF(COUNT(F74:J74)=0,"",IFERROR(K74/$K$15*$L$15,"")) | M74: =IF(L74="","",L74*$M$15) | Q74: =IF(COUNT(N74:P74)=0,"",SUM(N74:P74)) | R74: =IF(COUNT(N74:P74)=0,"",IFERROR(Q74/$Q$15*$R$15,"")) | S74: =IF(R74="","",R74*$S$15) | W74: =IF(T74="","",IFERROR(T74/$T$15*$W$15,"")) | X74: =IF(U74="","",IFERROR(U74/$U$15*$X$15,"")) | Y74: =IF(V74="","",IFERROR(V74/$V$15*$Y$15,"")) | Z74: =IF(COUNT(T74:V74)=0,"",SUM(W74:Y74)) | AA74: =IF(Z74="","",Z74*$AA$15) | AB74: =IF(COUNT(F74:J74,N74:P74,T74:V74)=0,"",SUM(M74,S74,AA74)) | AC74: {=IF(AB74="","",IFERROR(INDEX(HELPER!$D$8:$D$48,IF(AB74>=HELPER!$B$8,1,MATCH(AB74,HELPER!$B$8:$B$48,-1)+1)),""))} | AD74: =IF(AC74="","",IFERROR(VLOOKUP(AC74,HELPER!$F$8:$G$48,2,FALSE),""))
B75: 7 | C75: =IF('INPUT DATA'!N17="","",'INPUT DATA'!N17) | K75: =IF(COUNT($F75:$J75)=0,"",SUM($F75:$J75)) | L75: =IF(COUNT(F75:J75)=0,"",IFERROR(K75/$K$15*$L$15,"")) | M75: =IF(L75="","",L75*$M$15) | Q75: =IF(COUNT(N75:P75)=0,"",SUM(N75:P75)) | R75: =IF(COUNT(N75:P75)=0,"",IFERROR(Q75/$Q$15*$R$15,"")) | S75: =IF(R75="","",R75*$S$15) | W75: =IF(T75="","",IFERROR(T75/$T$15*$W$15,"")) | X75: =IF(U75="","",IFERROR(U75/$U$15*$X$15,"")) | Y75: =IF(V75="","",IFERROR(V75/$V$15*$Y$15,"")) | Z75: =IF(COUNT(T75:V75)=0,"",SUM(W75:Y75)) | AA75: =IF(Z75="","",Z75*$AA$15) | AB75: =IF(COUNT(F75:J75,N75:P75,T75:V75)=0,"",SUM(M75,S75,AA75)) | AC75: {=IF(AB75="","",IFERROR(INDEX(HELPER!$D$8:$D$48,IF(AB75>=HELPER!$B$8,1,MATCH(AB75,HELPER!$B$8:$B$48,-1)+1)),""))} | AD75: =IF(AC75="","",IFERROR(VLOOKUP(AC75,HELPER!$F$8:$G$48,2,FALSE),""))
B76: 8 | C76: =IF('INPUT DATA'!N18="","",'INPUT DATA'!N18) | K76: =IF(COUNT($F76:$J76)=0,"",SUM($F76:$J76)) | L76: =IF(COUNT(F76:J76)=0,"",IFERROR(K76/$K$15*$L$15,"")) | M76: =IF(L76="","",L76*$M$15) | Q76: =IF(COUNT(N76:P76)=0,"",SUM(N76:P76)) | R76: =IF(COUNT(N76:P76)=0,"",IFERROR(Q76/$Q$15*$R$15,"")) | S76: =IF(R76="","",R76*$S$15) | W76: =IF(T76="","",IFERROR(T76/$T$15*$W$15,"")) | X76: =IF(U76="","",IFERROR(U76/$U$15*$X$15,"")) | Y76: =IF(V76="","",IFERROR(V76/$V$15*$Y$15,"")) | Z76: =IF(COUNT(T76:V76)=0,"",SUM(W76:Y76)) | AA76: =IF(Z76="","",Z76*$AA$15) | AB76: =IF(COUNT(F76:J76,N76:P76,T76:V76)=0,"",SUM(M76,S76,AA76)) | AC76: {=IF(AB76="","",IFERROR(INDEX(HELPER!$D$8:$D$48,IF(AB76>=HELPER!$B$8,1,MATCH(AB76,HELPER!$B$8:$B$48,-1)+1)),""))} | AD76: =IF(AC76="","",IFERROR(VLOOKUP(AC76,HELPER!$F$8:$G$48,2,FALSE),""))
B77: 9 | C77: =IF('INPUT DATA'!N19="","",'INPUT DATA'!N19) | K77: =IF(COUNT($F77:$J77)=0,"",SUM($F77:$J77)) | L77: =IF(COUNT(F77:J77)=0,"",IFERROR(K77/$K$15*$L$15,"")) | M77: =IF(L77="","",L77*$M$15) | Q77: =IF(COUNT(N77:P77)=0,"",SUM(N77:P77)) | R77: =IF(COUNT(N77:P77)=0,"",IFERROR(Q77/$Q$15*$R$15,"")) | S77: =IF(R77="","",R77*$S$15) | W77: =IF(T77="","",IFERROR(T77/$T$15*$W$15,"")) | X77: =IF(U77="","",IFERROR(U77/$U$15*$X$15,"")) | Y77: =IF(V77="","",IFERROR(V77/$V$15*$Y$15,"")) | Z77: =IF(COUNT(T77:V77)=0,"",SUM(W77:Y77)) | AA77: =IF(Z77="","",Z77*$AA$15) | AB77: =IF(COUNT(F77:J77,N77:P77,T77:V77)=0,"",SUM(M77,S77,AA77)) | AC77: {=IF(AB77="","",IFERROR(INDEX(HELPER!$D$8:$D$48,IF(AB77>=HELPER!$B$8,1,MATCH(AB77,HELPER!$B$8:$B$48,-1)+1)),""))} | AD77: =IF(AC77="","",IFERROR(VLOOKUP(AC77,HELPER!$F$8:$G$48,2,FALSE),""))
B78: 10 | C78: =IF('INPUT DATA'!N20="","",'INPUT DATA'!N20) | K78: =IF(COUNT($F78:$J78)=0,"",SUM($F78:$J78)) | L78: =IF(COUNT(F78:J78)=0,"",IFERROR(K78/$K$15*$L$15,"")) | M78: =IF(L78="","",L78*$M$15) | Q78: =IF(COUNT(N78:P78)=0,"",SUM(N78:P78)) | R78: =IF(COUNT(N78:P78)=0,"",IFERROR(Q78/$Q$15*$R$15,"")) | S78: =IF(R78="","",R78*$S$15) | W78: =IF(T78="","",IFERROR(T78/$T$15*$W$15,"")) | X78: =IF(U78="","",IFERROR(U78/$U$15*$X$15,"")) | Y78: =IF(V78="","",IFERROR(V78/$V$15*$Y$15,"")) | Z78: =IF(COUNT(T78:V78)=0,"",SUM(W78:Y78)) | AA78: =IF(Z78="","",Z78*$AA$15) | AB78: =IF(COUNT(F78:J78,N78:P78,T78:V78)=0,"",SUM(M78,S78,AA78)) | AC78: {=IF(AB78="","",IFERROR(INDEX(HELPER!$D$8:$D$48,IF(AB78>=HELPER!$B$8,1,MATCH(AB78,HELPER!$B$8:$B$48,-1)+1)),""))} | AD78: =IF(AC78="","",IFERROR(VLOOKUP(AC78,HELPER!$F$8:$G$48,2,FALSE),""))
B79: 11 | C79: =IF('INPUT DATA'!N21="","",'INPUT DATA'!N21) | K79: =IF(COUNT($F79:$J79)=0,"",SUM($F79:$J79)) | L79: =IF(COUNT(F79:J79)=0,"",IFERROR(K79/$K$15*$L$15,"")) | M79: =IF(L79="","",L79*$M$15) | Q79: =IF(COUNT(N79:P79)=0,"",SUM(N79:P79)) | R79: =IF(COUNT(N79:P79)=0,"",IFERROR(Q79/$Q$15*$R$15,"")) | S79: =IF(R79="","",R79*$S$15) | W79: =IF(T79="","",IFERROR(T79/$T$15*$W$15,"")) | X79: =IF(U79="","",IFERROR(U79/$U$15*$X$15,"")) | Y79: =IF(V79="","",IFERROR(V79/$V$15*$Y$15,"")) | Z79: =IF(COUNT(T79:V79)=0,"",SUM(W79:Y79)) | AA79: =IF(Z79="","",Z79*$AA$15) | AB79: =IF(COUNT(F79:J79,N79:P79,T79:V79)=0,"",SUM(M79,S79,AA79)) | AC79: {=IF(AB79="","",IFERROR(INDEX(HELPER!$D$8:$D$48,IF(AB79>=HELPER!$B$8,1,MATCH(AB79,HELPER!$B$8:$B$48,-1)+1)),""))} | AD79: =IF(AC79="","",IFERROR(VLOOKUP(AC79,HELPER!$F$8:$G$48,2,FALSE),""))
B80: 12 | C80: =IF('INPUT DATA'!N22="","",'INPUT DATA'!N22) | K80: =IF(COUNT($F80:$J80)=0,"",SUM($F80:$J80)) | L80: =IF(COUNT(F80:J80)=0,"",IFERROR(K80/$K$15*$L$15,"")) | M80: =IF(L80="","",L80*$M$15) | Q80: =IF(COUNT(N80:P80)=0,"",SUM(N80:P80)) | R80: =IF(COUNT(N80:P80)=0,"",IFERROR(Q80/$Q$15*$R$15,"")) | S80: =IF(R80="","",R80*$S$15) | W80: =IF(T80="","",IFERROR(T80/$T$15*$W$15,"")) | X80: =IF(U80="","",IFERROR(U80/$U$15*$X$15,"")) | Y80: =IF(V80="","",IFERROR(V80/$V$15*$Y$15,"")) | Z80: =IF(COUNT(T80:V80)=0,"",SUM(W80:Y80)) | AA80: =IF(Z80="","",Z80*$AA$15) | AB80: =IF(COUNT(F80:J80,N80:P80,T80:V80)=0,"",SUM(M80,S80,AA80)) | AC80: {=IF(AB80="","",IFERROR(INDEX(HELPER!$D$8:$D$48,IF(AB80>=HELPER!$B$8,1,MATCH(AB80,HELPER!$B$8:$B$48,-1)+1)),""))} | AD80: =IF(AC80="","",IFERROR(VLOOKUP(AC80,HELPER!$F$8:$G$48,2,FALSE),""))
... B118: 50 | C118: =IF('INPUT DATA'!N60="","",'INPUT DATA'!N60) | K118: =IF(COUNT($F118:$J118)=0,"",SUM($F118:$J118)) | L118: =IF(COUNT(F118:J118)=0,"",IFERROR(K118/$K$15*$L$15,"")) | M118: =IF(L118="","",L118*$M$15) | Q118: =IF(COUNT(N118:P118)=0,"",SUM(N118:P118)) | R118: =IF(COUNT(N118:P118)=0,"",IFERROR(Q118/$Q$15*$R$15,"")) | S118: =IF(R118="","",R118*$S$15) | W118: =IF(T118="","",IFERROR(T118/$T$15*$W$15,"")) | X118: =IF(U118="","",IFERROR(U118/$U$15*$X$15,"")) | Y118: =IF(V118="","",IFERROR(V118/$V$15*$Y$15,"")) | Z118: =IF(COUNT(T118:V118)=0,"",SUM(W118:Y118)) | AA118: =IF(Z118="","",Z118*$AA$15) | AB118: =IF(COUNT(F118:J118,N118:P118,T118:V118)=0,"",SUM(M118,S118,AA118)) | AC118: {=IF(AB118="","",IFERROR(INDEX(HELPER!$D$8:$D$48,IF(AB118>=HELPER!$B$8,1,MATCH(AB118,HELPER!$B$8:$B$48,-1)+1)),""))} | AD118: =IF(AC118="","",IFERROR(VLOOKUP(AC118,HELPER!$F$8:$G$48,2,FALSE),""))

Sheet TERM 2
B2: CLASS RECORD
E5: REGION | F5: =IF('INPUT DATA'!E10="","",'INPUT DATA'!E10) | Q5: DIVISION | R5: =IF('INPUT DATA'!E11="","",'INPUT DATA'!E11) | Y5: SCHOOL ID | Z5: =IF('INPUT DATA'!E13="","",'INPUT DATA'!E13)
E7: SCHOOL NAME | F7: =IF('INPUT DATA'!E14="","",'INPUT DATA'!E14) | Y7: SCHOOL YEAR | Z7: =IF('INPUT DATA'!E15="","",'INPUT DATA'!E15)
B10: SECOND TERM | F10: GRADE LEVEL | J10: =IF('INPUT DATA'!E25="","",'INPUT DATA'!E25) | N10: TEACHER | Q10: =IF('INPUT DATA'!E23="","",'INPUT DATA'!E23) | Y10: SUBJECT | AA10: =IF('INPUT DATA'!E24="","",'INPUT DATA'!E24)
F11: SECTION | J11: =IF('INPUT DATA'!E26="","",'INPUT DATA'!E26)
F12: WRITTEN / ORAL WORKS (WWs) | N12: PRODUCT / PERFORMANCE TASKS (PTs) | T12: EXAMINATIONS (EXs) | AB12: Initial Grade | AC12: Term Grade | AD12: Descriptor
F14: 1 | G14: 2 | H14: 3 | I14: 4 | J14: 5 | K14: Total | L14: PS | M14: WS | N14: 1 | O14: 2 | P14: 3 | Q14: Total | R14: PS | S14: WS | T14: ST1 | U14: ST2 | V14: TE | W14: WS ST1 | X14: WS ST2 | Y14: WS TE | Z14: PS | AA14: WS
B15: HIGHEST POSSIBLE SCORE | K15: =IF(COUNT(F15:J15)=0,"",SUM(F15:J15)) | L15: 100 | M15: 0.2 | Q15: =IF(COUNT(N15:P15)=0,"",SUM(N15:P15)) | R15: 100 | S15: 0.5 | W15: 30 | X15: 30 | Y15: 40 | Z15: 100 | AA15: 0.3
B16: LEARNERS' NAMES
B17: MALE
B18: 1 | C18: =IF('INPUT DATA'!K11="","",'INPUT DATA'!K11) | K18: =IF(COUNT($F18:$J18)=0,"",SUM($F18:$J18)) | L18: =IF(COUNT(F18:J18)=0,"",IFERROR(K18/$K$15*$L$15,"")) | M18: =IF(L18="","",L18*$M$15) | Q18: =IF(COUNT(N18:P18)=0,"",SUM(N18:P18)) | R18: =IF(COUNT(N18:P18)=0,"",IFERROR(Q18/$Q$15*$R$15,"")) | S18: =IF(R18="","",R18*$S$15) | W18: =IF(T18="","",IFERROR(T18/$T$15*$W$15,"")) | X18: =IF(U18="","",IFERROR(U18/$U$15*$X$15,"")) | Y18: =IF(V18="","",IFERROR(V18/$V$15*$Y$15,"")) | Z18: =IF(COUNT(T18:V18)=0,"",SUM(W18:Y18)) | AA18: =IF(Z18="","",Z18*$AA$15) | AB18: =IF(COUNT(F18:J18,N18:P18,T18:V18)=0,"",SUM(M18,S18,AA18)) | AC18: {=IF(AB18="","",IFERROR(INDEX(HELPER!$D$8:$D$48,IF(AB18>=HELPER!$B$8,1,MATCH(AB18,HELPER!$B$8:$B$48,-1)+1)),""))} | AD18: =IF(AC18="","",IFERROR(VLOOKUP(AC18,HELPER!$F$8:$G$48,2,FALSE),""))
B19: 2 | C19: =IF('INPUT DATA'!K12="","",'INPUT DATA'!K12) | K19: =IF(COUNT($F19:$J19)=0,"",SUM($F19:$J19)) | L19: =IF(COUNT(F19:J19)=0,"",IFERROR(K19/$K$15*$L$15,"")) | M19: =IF(L19="","",L19*$M$15) | Q19: =IF(COUNT(N19:P19)=0,"",SUM(N19:P19)) | R19: =IF(COUNT(N19:P19)=0,"",IFERROR(Q19/$Q$15*$R$15,"")) | S19: =IF(R19="","",R19*$S$15) | W19: =IF(T19="","",IFERROR(T19/$T$15*$W$15,"")) | X19: =IF(U19="","",IFERROR(U19/$U$15*$X$15,"")) | Y19: =IF(V19="","",IFERROR(V19/$V$15*$Y$15,"")) | Z19: =IF(COUNT(T19:V19)=0,"",SUM(W19:Y19)) | AA19: =IF(Z19="","",Z19*$AA$15) | AB19: =IF(COUNT(F19:J19,N19:P19,T19:V19)=0,"",SUM(M19,S19,AA19)) | AC19: {=IF(AB19="","",IFERROR(INDEX(HELPER!$D$8:$D$48,IF(AB19>=HELPER!$B$8,1,MATCH(AB19,HELPER!$B$8:$B$48,-1)+1)),""))} | AD19: =IF(AC19="","",IFERROR(VLOOKUP(AC19,HELPER!$F$8:$G$48,2,FALSE),""))
B20: 3 | C20: =IF('INPUT DATA'!K13="","",'INPUT DATA'!K13) | K20: =IF(COUNT($F20:$J20)=0,"",SUM($F20:$J20)) | L20: =IF(COUNT(F20:J20)=0,"",IFERROR(K20/$K$15*$L$15,"")) | M20: =IF(L20="","",L20*$M$15) | Q20: =IF(COUNT(N20:P20)=0,"",SUM(N20:P20)) | R20: =IF(COUNT(N20:P20)=0,"",IFERROR(Q20/$Q$15*$R$15,"")) | S20: =IF(R20="","",R20*$S$15) | W20: =IF(T20="","",IFERROR(T20/$T$15*$W$15,"")) | X20: =IF(U20="","",IFERROR(U20/$U$15*$X$15,"")) | Y20: =IF(V20="","",IFERROR(V20/$V$15*$Y$15,"")) | Z20: =IF(COUNT(T20:V20)=0,"",SUM(W20:Y20)) | AA20: =IF(Z20="","",Z20*$AA$15) | AB20: =IF(COUNT(F20:J20,N20:P20,T20:V20)=0,"",SUM(M20,S20,AA20)) | AC20: {=IF(AB20="","",IFERROR(INDEX(HELPER!$D$8:$D$48,IF(AB20>=HELPER!$B$8,1,MATCH(AB20,HELPER!$B$8:$B$48,-1)+1)),""))} | AD20: =IF(AC20="","",IFERROR(VLOOKUP(AC20,HELPER!$F$8:$G$48,2,FALSE),""))
B21: 4 | C21: =IF('INPUT DATA'!K14="","",'INPUT DATA'!K14) | K21: =IF(COUNT($F21:$J21)=0,"",SUM($F21:$J21)) | L21: =IF(COUNT(F21:J21)=0,"",IFERROR(K21/$K$15*$L$15,"")) | M21: =IF(L21="","",L21*$M$15) | Q21: =IF(COUNT(N21:P21)=0,"",SUM(N21:P21)) | R21: =IF(COUNT(N21:P21)=0,"",IFERROR(Q21/$Q$15*$R$15,"")) | S21: =IF(R21="","",R21*$S$15) | W21: =IF(T21="","",IFERROR(T21/$T$15*$W$15,"")) | X21: =IF(U21="","",IFERROR(U21/$U$15*$X$15,"")) | Y21: =IF(V21="","",IFERROR(V21/$V$15*$Y$15,"")) | Z21: =IF(COUNT(T21:V21)=0,"",SUM(W21:Y21)) | AA21: =IF(Z21="","",Z21*$AA$15) | AB21: =IF(COUNT(F21:J21,N21:P21,T21:V21)=0,"",SUM(M21,S21,AA21)) | AC21: {=IF(AB21="","",IFERROR(INDEX(HELPER!$D$8:$D$48,IF(AB21>=HELPER!$B$8,1,MATCH(AB21,HELPER!$B$8:$B$48,-1)+1)),""))} | AD21: =IF(AC21="","",IFERROR(VLOOKUP(AC21,HELPER!$F$8:$G$48,2,FALSE),""))
B22: 5 | C22: =IF('INPUT DATA'!K15="","",'INPUT DATA'!K15) | K22: =IF(COUNT($F22:$J22)=0,"",SUM($F22:$J22)) | L22: =IF(COUNT(F22:J22)=0,"",IFERROR(K22/$K$15*$L$15,"")) | M22: =IF(L22="","",L22*$M$15) | Q22: =IF(COUNT(N22:P22)=0,"",SUM(N22:P22)) | R22: =IF(COUNT(N22:P22)=0,"",IFERROR(Q22/$Q$15*$R$15,"")) | S22: =IF(R22="","",R22*$S$15) | W22: =IF(T22="","",IFERROR(T22/$T$15*$W$15,"")) | X22: =IF(U22="","",IFERROR(U22/$U$15*$X$15,"")) | Y22: =IF(V22="","",IFERROR(V22/$V$15*$Y$15,"")) | Z22: =IF(COUNT(T22:V22)=0,"",SUM(W22:Y22)) | AA22: =IF(Z22="","",Z22*$AA$15) | AB22: =IF(COUNT(F22:J22,N22:P22,T22:V22)=0,"",SUM(M22,S22,AA22)) | AC22: {=IF(AB22="","",IFERROR(INDEX(HELPER!$D$8:$D$48,IF(AB22>=HELPER!$B$8,1,MATCH(AB22,HELPER!$B$8:$B$48,-1)+1)),""))} | AD22: =IF(AC22="","",IFERROR(VLOOKUP(AC22,HELPER!$F$8:$G$48,2,FALSE),""))
B23: 6 | C23: =IF('INPUT DATA'!K16="","",'INPUT DATA'!K16) | K23: =IF(COUNT($F23:$J23)=0,"",SUM($F23:$J23)) | L23: =IF(COUNT(F23:J23)=0,"",IFERROR(K23/$K$15*$L$15,"")) | M23: =IF(L23="","",L23*$M$15) | Q23: =IF(COUNT(N23:P23)=0,"",SUM(N23:P23)) | R23: =IF(COUNT(N23:P23)=0,"",IFERROR(Q23/$Q$15*$R$15,"")) | S23: =IF(R23="","",R23*$S$15) | W23: =IF(T23="","",IFERROR(T23/$T$15*$W$15,"")) | X23: =IF(U23="","",IFERROR(U23/$U$15*$X$15,"")) | Y23: =IF(V23="","",IFERROR(V23/$V$15*$Y$15,"")) | Z23: =IF(COUNT(T23:V23)=0,"",SUM(W23:Y23)) | AA23: =IF(Z23="","",Z23*$AA$15) | AB23: =IF(COUNT(F23:J23,N23:P23,T23:V23)=0,"",SUM(M23,S23,AA23)) | AC23: {=IF(AB23="","",IFERROR(INDEX(HELPER!$D$8:$D$48,IF(AB23>=HELPER!$B$8,1,MATCH(AB23,HELPER!$B$8:$B$48,-1)+1)),""))} | AD23: =IF(AC23="","",IFERROR(VLOOKUP(AC23,HELPER!$F$8:$G$48,2,FALSE),""))
B24: 7 | C24: =IF('INPUT DATA'!K17="","",'INPUT DATA'!K17) | K24: =IF(COUNT($F24:$J24)=0,"",SUM($F24:$J24)) | L24: =IF(COUNT(F24:J24)=0,"",IFERROR(K24/$K$15*$L$15,"")) | M24: =IF(L24="","",L24*$M$15) | Q24: =IF(COUNT(N24:P24)=0,"",SUM(N24:P24)) | R24: =IF(COUNT(N24:P24)=0,"",IFERROR(Q24/$Q$15*$R$15,"")) | S24: =IF(R24="","",R24*$S$15) | W24: =IF(T24="","",IFERROR(T24/$T$15*$W$15,"")) | X24: =IF(U24="","",IFERROR(U24/$U$15*$X$15,"")) | Y24: =IF(V24="","",IFERROR(V24/$V$15*$Y$15,"")) | Z24: =IF(COUNT(T24:V24)=0,"",SUM(W24:Y24)) | AA24: =IF(Z24="","",Z24*$AA$15) | AB24: =IF(COUNT(F24:J24,N24:P24,T24:V24)=0,"",SUM(M24,S24,AA24)) | AC24: {=IF(AB24="","",IFERROR(INDEX(HELPER!$D$8:$D$48,IF(AB24>=HELPER!$B$8,1,MATCH(AB24,HELPER!$B$8:$B$48,-1)+1)),""))} | AD24: =IF(AC24="","",IFERROR(VLOOKUP(AC24,HELPER!$F$8:$G$48,2,FALSE),""))
B25: 8 | C25: =IF('INPUT DATA'!K18="","",'INPUT DATA'!K18) | K25: =IF(COUNT($F25:$J25)=0,"",SUM($F25:$J25)) | L25: =IF(COUNT(F25:J25)=0,"",IFERROR(K25/$K$15*$L$15,"")) | M25: =IF(L25="","",L25*$M$15) | Q25: =IF(COUNT(N25:P25)=0,"",SUM(N25:P25)) | R25: =IF(COUNT(N25:P25)=0,"",IFERROR(Q25/$Q$15*$R$15,"")) | S25: =IF(R25="","",R25*$S$15) | W25: =IF(T25="","",IFERROR(T25/$T$15*$W$15,"")) | X25: =IF(U25="","",IFERROR(U25/$U$15*$X$15,"")) | Y25: =IF(V25="","",IFERROR(V25/$V$15*$Y$15,"")) | Z25: =IF(COUNT(T25:V25)=0,"",SUM(W25:Y25)) | AA25: =IF(Z25="","",Z25*$AA$15) | AB25: =IF(COUNT(F25:J25,N25:P25,T25:V25)=0,"",SUM(M25,S25,AA25)) | AC25: {=IF(AB25="","",IFERROR(INDEX(HELPER!$D$8:$D$48,IF(AB25>=HELPER!$B$8,1,MATCH(AB25,HELPER!$B$8:$B$48,-1)+1)),""))} | AD25: =IF(AC25="","",IFERROR(VLOOKUP(AC25,HELPER!$F$8:$G$48,2,FALSE),""))
B26: 9 | C26: =IF('INPUT DATA'!K19="","",'INPUT DATA'!K19) | K26: =IF(COUNT($F26:$J26)=0,"",SUM($F26:$J26)) | L26: =IF(COUNT(F26:J26)=0,"",IFERROR(K26/$K$15*$L$15,"")) | M26: =IF(L26="","",L26*$M$15) | Q26: =IF(COUNT(N26:P26)=0,"",SUM(N26:P26)) | R26: =IF(COUNT(N26:P26)=0,"",IFERROR(Q26/$Q$15*$R$15,"")) | S26: =IF(R26="","",R26*$S$15) | W26: =IF(T26="","",IFERROR(T26/$T$15*$W$15,"")) | X26: =IF(U26="","",IFERROR(U26/$U$15*$X$15,"")) | Y26: =IF(V26="","",IFERROR(V26/$V$15*$Y$15,"")) | Z26: =IF(COUNT(T26:V26)=0,"",SUM(W26:Y26)) | AA26: =IF(Z26="","",Z26*$AA$15) | AB26: =IF(COUNT(F26:J26,N26:P26,T26:V26)=0,"",SUM(M26,S26,AA26)) | AC26: {=IF(AB26="","",IFERROR(INDEX(HELPER!$D$8:$D$48,IF(AB26>=HELPER!$B$8,1,MATCH(AB26,HELPER!$B$8:$B$48,-1)+1)),""))} | AD26: =IF(AC26="","",IFERROR(VLOOKUP(AC26,HELPER!$F$8:$G$48,2,FALSE),""))
B27: 10 | C27: =IF('INPUT DATA'!K20="","",'INPUT DATA'!K20) | K27: =IF(COUNT($F27:$J27)=0,"",SUM($F27:$J27)) | L27: =IF(COUNT(F27:J27)=0,"",IFERROR(K27/$K$15*$L$15,"")) | M27: =IF(L27="","",L27*$M$15) | Q27: =IF(COUNT(N27:P27)=0,"",SUM(N27:P27)) | R27: =IF(COUNT(N27:P27)=0,"",IFERROR(Q27/$Q$15*$R$15,"")) | S27: =IF(R27="","",R27*$S$15) | W27: =IF(T27="","",IFERROR(T27/$T$15*$W$15,"")) | X27: =IF(U27="","",IFERROR(U27/$U$15*$X$15,"")) | Y27: =IF(V27="","",IFERROR(V27/$V$15*$Y$15,"")) | Z27: =IF(COUNT(T27:V27)=0,"",SUM(W27:Y27)) | AA27: =IF(Z27="","",Z27*$AA$15) | AB27: =IF(COUNT(F27:J27,N27:P27,T27:V27)=0,"",SUM(M27,S27,AA27)) | AC27: {=IF(AB27="","",IFERROR(INDEX(HELPER!$D$8:$D$48,IF(AB27>=HELPER!$B$8,1,MATCH(AB27,HELPER!$B$8:$B$48,-1)+1)),""))} | AD27: =IF(AC27="","",IFERROR(VLOOKUP(AC27,HELPER!$F$8:$G$48,2,FALSE),""))
B28: 11 | C28: =IF('INPUT DATA'!K21="","",'INPUT DATA'!K21) | K28: =IF(COUNT($F28:$J28)=0,"",SUM($F28:$J28)) | L28: =IF(COUNT(F28:J28)=0,"",IFERROR(K28/$K$15*$L$15,"")) | M28: =IF(L28="","",L28*$M$15) | Q28: =IF(COUNT(N28:P28)=0,"",SUM(N28:P28)) | R28: =IF(COUNT(N28:P28)=0,"",IFERROR(Q28/$Q$15*$R$15,"")) | S28: =IF(R28="","",R28*$S$15) | W28: =IF(T28="","",IFERROR(T28/$T$15*$W$15,"")) | X28: =IF(U28="","",IFERROR(U28/$U$15*$X$15,"")) | Y28: =IF(V28="","",IFERROR(V28/$V$15*$Y$15,"")) | Z28: =IF(COUNT(T28:V28)=0,"",SUM(W28:Y28)) | AA28: =IF(Z28="","",Z28*$AA$15) | AB28: =IF(COUNT(F28:J28,N28:P28,T28:V28)=0,"",SUM(M28,S28,AA28)) | AC28: {=IF(AB28="","",IFERROR(INDEX(HELPER!$D$8:$D$48,IF(AB28>=HELPER!$B$8,1,MATCH(AB28,HELPER!$B$8:$B$48,-1)+1)),""))} | AD28: =IF(AC28="","",IFERROR(VLOOKUP(AC28,HELPER!$F$8:$G$48,2,FALSE),""))
B29: 12 | C29: =IF('INPUT DATA'!K22="","",'INPUT DATA'!K22) | K29: =IF(COUNT($F29:$J29)=0,"",SUM($F29:$J29)) | L29: =IF(COUNT(F29:J29)=0,"",IFERROR(K29/$K$15*$L$15,"")) | M29: =IF(L29="","",L29*$M$15) | Q29: =IF(COUNT(N29:P29)=0,"",SUM(N29:P29)) | R29: =IF(COUNT(N29:P29)=0,"",IFERROR(Q29/$Q$15*$R$15,"")) | S29: =IF(R29="","",R29*$S$15) | W29: =IF(T29="","",IFERROR(T29/$T$15*$W$15,"")) | X29: =IF(U29="","",IFERROR(U29/$U$15*$X$15,"")) | Y29: =IF(V29="","",IFERROR(V29/$V$15*$Y$15,"")) | Z29: =IF(COUNT(T29:V29)=0,"",SUM(W29:Y29)) | AA29: =IF(Z29="","",Z29*$AA$15) | AB29: =IF(COUNT(F29:J29,N29:P29,T29:V29)=0,"",SUM(M29,S29,AA29)) | AC29: {=IF(AB29="","",IFERROR(INDEX(HELPER!$D$8:$D$48,IF(AB29>=HELPER!$B$8,1,MATCH(AB29,HELPER!$B$8:$B$48,-1)+1)),""))} | AD29: =IF(AC29="","",IFERROR(VLOOKUP(AC29,HELPER!$F$8:$G$48,2,FALSE),""))
... B67: 50 | C67: =IF('INPUT DATA'!K60="","",'INPUT DATA'!K60) | K67: =IF(COUNT($F67:$J67)=0,"",SUM($F67:$J67)) | L67: =IF(COUNT(F67:J67)=0,"",IFERROR(K67/$K$15*$L$15,"")) | M67: =IF(L67="","",L67*$M$15) | Q67: =IF(COUNT(N67:P67)=0,"",SUM(N67:P67)) | R67: =IF(COUNT(N67:P67)=0,"",IFERROR(Q67/$Q$15*$R$15,"")) | S67: =IF(R67="","",R67*$S$15) | W67: =IF(T67="","",IFERROR(T67/$T$15*$W$15,"")) | X67: =IF(U67="","",IFERROR(U67/$U$15*$X$15,"")) | Y67: =IF(V67="","",IFERROR(V67/$V$15*$Y$15,"")) | Z67: =IF(COUNT(T67:V67)=0,"",SUM(W67:Y67)) | AA67: =IF(Z67="","",Z67*$AA$15) | AB67: =IF(COUNT(F67:J67,N67:P67,T67:V67)=0,"",SUM(M67,S67,AA67)) | AC67: {=IF(AB67="","",IFERROR(INDEX(HELPER!$D$8:$D$48,IF(AB67>=HELPER!$B$8,1,MATCH(AB67,HELPER!$B$8:$B$48,-1)+1)),""))} | AD67: =IF(AC67="","",IFERROR(VLOOKUP(AC67,HELPER!$F$8:$G$48,2,FALSE),""))
B68: FEMALE
B69: 1 | C69: =IF('INPUT DATA'!N11="","",'INPUT DATA'!N11) | K69: =IF(COUNT($F69:$J69)=0,"",SUM($F69:$J69)) | L69: =IF(COUNT(F69:J69)=0,"",IFERROR(K69/$K$15*$L$15,"")) | M69: =IF(L69="","",L69*$M$15) | Q69: =IF(COUNT(N69:P69)=0,"",SUM(N69:P69)) | R69: =IF(COUNT(N69:P69)=0,"",IFERROR(Q69/$Q$15*$R$15,"")) | S69: =IF(R69="","",R69*$S$15) | W69: =IF(T69="","",IFERROR(T69/$T$15*$W$15,"")) | X69: =IF(U69="","",IFERROR(U69/$U$15*$X$15,"")) | Y69: =IF(V69="","",IFERROR(V69/$V$15*$Y$15,"")) | Z69: =IF(COUNT(T69:V69)=0,"",SUM(W69:Y69)) | AA69: =IF(Z69="","",Z69*$AA$15) | AB69: =IF(COUNT(F69:J69,N69:P69,T69:V69)=0,"",SUM(M69,S69,AA69)) | AC69: {=IF(AB69="","",IFERROR(INDEX(HELPER!$D$8:$D$48,IF(AB69>=HELPER!$B$8,1,MATCH(AB69,HELPER!$B$8:$B$48,-1)+1)),""))} | AD69: =IF(AC69="","",IFERROR(VLOOKUP(AC69,HELPER!$F$8:$G$48,2,FALSE),""))
B70: 2 | C70: =IF('INPUT DATA'!N12="","",'INPUT DATA'!N12) | K70: =IF(COUNT($F70:$J70)=0,"",SUM($F70:$J70)) | L70: =IF(COUNT(F70:J70)=0,"",IFERROR(K70/$K$15*$L$15,"")) | M70: =IF(L70="","",L70*$M$15) | Q70: =IF(COUNT(N70:P70)=0,"",SUM(N70:P70)) | R70: =IF(COUNT(N70:P70)=0,"",IFERROR(Q70/$Q$15*$R$15,"")) | S70: =IF(R70="","",R70*$S$15) | W70: =IF(T70="","",IFERROR(T70/$T$15*$W$15,"")) | X70: =IF(U70="","",IFERROR(U70/$U$15*$X$15,"")) | Y70: =IF(V70="","",IFERROR(V70/$V$15*$Y$15,"")) | Z70: =IF(COUNT(T70:V70)=0,"",SUM(W70:Y70)) | AA70: =IF(Z70="","",Z70*$AA$15) | AB70: =IF(COUNT(F70:J70,N70:P70,T70:V70)=0,"",SUM(M70,S70,AA70)) | AC70: {=IF(AB70="","",IFERROR(INDEX(HELPER!$D$8:$D$48,IF(AB70>=HELPER!$B$8,1,MATCH(AB70,HELPER!$B$8:$B$48,-1)+1)),""))} | AD70: =IF(AC70="","",IFERROR(VLOOKUP(AC70,HELPER!$F$8:$G$48,2,FALSE),""))
B71: 3 | C71: =IF('INPUT DATA'!N13="","",'INPUT DATA'!N13) | K71: =IF(COUNT($F71:$J71)=0,"",SUM($F71:$J71)) | L71: =IF(COUNT(F71:J71)=0,"",IFERROR(K71/$K$15*$L$15,"")) | M71: =IF(L71="","",L71*$M$15) | Q71: =IF(COUNT(N71:P71)=0,"",SUM(N71:P71)) | R71: =IF(COUNT(N71:P71)=0,"",IFERROR(Q71/$Q$15*$R$15,"")) | S71: =IF(R71="","",R71*$S$15) | W71: =IF(T71="","",IFERROR(T71/$T$15*$W$15,"")) | X71: =IF(U71="","",IFERROR(U71/$U$15*$X$15,"")) | Y71: =IF(V71="","",IFERROR(V71/$V$15*$Y$15,"")) | Z71: =IF(COUNT(T71:V71)=0,"",SUM(W71:Y71)) | AA71: =IF(Z71="","",Z71*$AA$15) | AB71: =IF(COUNT(F71:J71,N71:P71,T71:V71)=0,"",SUM(M71,S71,AA71)) | AC71: {=IF(AB71="","",IFERROR(INDEX(HELPER!$D$8:$D$48,IF(AB71>=HELPER!$B$8,1,MATCH(AB71,HELPER!$B$8:$B$48,-1)+1)),""))} | AD71: =IF(AC71="","",IFERROR(VLOOKUP(AC71,HELPER!$F$8:$G$48,2,FALSE),""))
B72: 4 | C72: =IF('INPUT DATA'!N14="","",'INPUT DATA'!N14) | K72: =IF(COUNT($F72:$J72)=0,"",SUM($F72:$J72)) | L72: =IF(COUNT(F72:J72)=0,"",IFERROR(K72/$K$15*$L$15,"")) | M72: =IF(L72="","",L72*$M$15) | Q72: =IF(COUNT(N72:P72)=0,"",SUM(N72:P72)) | R72: =IF(COUNT(N72:P72)=0,"",IFERROR(Q72/$Q$15*$R$15,"")) | S72: =IF(R72="","",R72*$S$15) | W72: =IF(T72="","",IFERROR(T72/$T$15*$W$15,"")) | X72: =IF(U72="","",IFERROR(U72/$U$15*$X$15,"")) | Y72: =IF(V72="","",IFERROR(V72/$V$15*$Y$15,"")) | Z72: =IF(COUNT(T72:V72)=0,"",SUM(W72:Y72)) | AA72: =IF(Z72="","",Z72*$AA$15) | AB72: =IF(COUNT(F72:J72,N72:P72,T72:V72)=0,"",SUM(M72,S72,AA72)) | AC72: {=IF(AB72="","",IFERROR(INDEX(HELPER!$D$8:$D$48,IF(AB72>=HELPER!$B$8,1,MATCH(AB72,HELPER!$B$8:$B$48,-1)+1)),""))} | AD72: =IF(AC72="","",IFERROR(VLOOKUP(AC72,HELPER!$F$8:$G$48,2,FALSE),""))
B73: 5 | C73: =IF('INPUT DATA'!N15="","",'INPUT DATA'!N15) | K73: =IF(COUNT($F73:$J73)=0,"",SUM($F73:$J73)) | L73: =IF(COUNT(F73:J73)=0,"",IFERROR(K73/$K$15*$L$15,"")) | M73: =IF(L73="","",L73*$M$15) | Q73: =IF(COUNT(N73:P73)=0,"",SUM(N73:P73)) | R73: =IF(COUNT(N73:P73)=0,"",IFERROR(Q73/$Q$15*$R$15,"")) | S73: =IF(R73="","",R73*$S$15) | W73: =IF(T73="","",IFERROR(T73/$T$15*$W$15,"")) | X73: =IF(U73="","",IFERROR(U73/$U$15*$X$15,"")) | Y73: =IF(V73="","",IFERROR(V73/$V$15*$Y$15,"")) | Z73: =IF(COUNT(T73:V73)=0,"",SUM(W73:Y73)) | AA73: =IF(Z73="","",Z73*$AA$15) | AB73: =IF(COUNT(F73:J73,N73:P73,T73:V73)=0,"",SUM(M73,S73,AA73)) | AC73: {=IF(AB73="","",IFERROR(INDEX(HELPER!$D$8:$D$48,IF(AB73>=HELPER!$B$8,1,MATCH(AB73,HELPER!$B$8:$B$48,-1)+1)),""))} | AD73: =IF(AC73="","",IFERROR(VLOOKUP(AC73,HELPER!$F$8:$G$48,2,FALSE),""))
B74: 6 | C74: =IF('INPUT DATA'!N16="","",'INPUT DATA'!N16) | K74: =IF(COUNT($F74:$J74)=0,"",SUM($F74:$J74)) | L74: =IF(COUNT(F74:J74)=0,"",IFERROR(K74/$K$15*$L$15,"")) | M74: =IF(L74="","",L74*$M$15) | Q74: =IF(COUNT(N74:P74)=0,"",SUM(N74:P74)) | R74: =IF(COUNT(N74:P74)=0,"",IFERROR(Q74/$Q$15*$R$15,"")) | S74: =IF(R74="","",R74*$S$15) | W74: =IF(T74="","",IFERROR(T74/$T$15*$W$15,"")) | X74: =IF(U74="","",IFERROR(U74/$U$15*$X$15,"")) | Y74: =IF(V74="","",IFERROR(V74/$V$15*$Y$15,"")) | Z74: =IF(COUNT(T74:V74)=0,"",SUM(W74:Y74)) | AA74: =IF(Z74="","",Z74*$AA$15) | AB74: =IF(COUNT(F74:J74,N74:P74,T74:V74)=0,"",SUM(M74,S74,AA74)) | AC74: {=IF(AB74="","",IFERROR(INDEX(HELPER!$D$8:$D$48,IF(AB74>=HELPER!$B$8,1,MATCH(AB74,HELPER!$B$8:$B$48,-1)+1)),""))} | AD74: =IF(AC74="","",IFERROR(VLOOKUP(AC74,HELPER!$F$8:$G$48,2,FALSE),""))
B75: 7 | C75: =IF('INPUT DATA'!N17="","",'INPUT DATA'!N17) | K75: =IF(COUNT($F75:$J75)=0,"",SUM($F75:$J75)) | L75: =IF(COUNT(F75:J75)=0,"",IFERROR(K75/$K$15*$L$15,"")) | M75: =IF(L75="","",L75*$M$15) | Q75: =IF(COUNT(N75:P75)=0,"",SUM(N75:P75)) | R75: =IF(COUNT(N75:P75)=0,"",IFERROR(Q75/$Q$15*$R$15,"")) | S75: =IF(R75="","",R75*$S$15) | W75: =IF(T75="","",IFERROR(T75/$T$15*$W$15,"")) | X75: =IF(U75="","",IFERROR(U75/$U$15*$X$15,"")) | Y75: =IF(V75="","",IFERROR(V75/$V$15*$Y$15,"")) | Z75: =IF(COUNT(T75:V75)=0,"",SUM(W75:Y75)) | AA75: =IF(Z75="","",Z75*$AA$15) | AB75: =IF(COUNT(F75:J75,N75:P75,T75:V75)=0,"",SUM(M75,S75,AA75)) | AC75: {=IF(AB75="","",IFERROR(INDEX(HELPER!$D$8:$D$48,IF(AB75>=HELPER!$B$8,1,MATCH(AB75,HELPER!$B$8:$B$48,-1)+1)),""))} | AD75: =IF(AC75="","",IFERROR(VLOOKUP(AC75,HELPER!$F$8:$G$48,2,FALSE),""))
B76: 8 | C76: =IF('INPUT DATA'!N18="","",'INPUT DATA'!N18) | K76: =IF(COUNT($F76:$J76)=0,"",SUM($F76:$J76)) | L76: =IF(COUNT(F76:J76)=0,"",IFERROR(K76/$K$15*$L$15,"")) | M76: =IF(L76="","",L76*$M$15) | Q76: =IF(COUNT(N76:P76)=0,"",SUM(N76:P76)) | R76: =IF(COUNT(N76:P76)=0,"",IFERROR(Q76/$Q$15*$R$15,"")) | S76: =IF(R76="","",R76*$S$15) | W76: =IF(T76="","",IFERROR(T76/$T$15*$W$15,"")) | X76: =IF(U76="","",IFERROR(U76/$U$15*$X$15,"")) | Y76: =IF(V76="","",IFERROR(V76/$V$15*$Y$15,"")) | Z76: =IF(COUNT(T76:V76)=0,"",SUM(W76:Y76)) | AA76: =IF(Z76="","",Z76*$AA$15) | AB76: =IF(COUNT(F76:J76,N76:P76,T76:V76)=0,"",SUM(M76,S76,AA76)) | AC76: {=IF(AB76="","",IFERROR(INDEX(HELPER!$D$8:$D$48,IF(AB76>=HELPER!$B$8,1,MATCH(AB76,HELPER!$B$8:$B$48,-1)+1)),""))} | AD76: =IF(AC76="","",IFERROR(VLOOKUP(AC76,HELPER!$F$8:$G$48,2,FALSE),""))
B77: 9 | C77: =IF('INPUT DATA'!N19="","",'INPUT DATA'!N19) | K77: =IF(COUNT($F77:$J77)=0,"",SUM($F77:$J77)) | L77: =IF(COUNT(F77:J77)=0,"",IFERROR(K77/$K$15*$L$15,"")) | M77: =IF(L77="","",L77*$M$15) | Q77: =IF(COUNT(N77:P77)=0,"",SUM(N77:P77)) | R77: =IF(COUNT(N77:P77)=0,"",IFERROR(Q77/$Q$15*$R$15,"")) | S77: =IF(R77="","",R77*$S$15) | W77: =IF(T77="","",IFERROR(T77/$T$15*$W$15,"")) | X77: =IF(U77="","",IFERROR(U77/$U$15*$X$15,"")) | Y77: =IF(V77="","",IFERROR(V77/$V$15*$Y$15,"")) | Z77: =IF(COUNT(T77:V77)=0,"",SUM(W77:Y77)) | AA77: =IF(Z77="","",Z77*$AA$15) | AB77: =IF(COUNT(F77:J77,N77:P77,T77:V77)=0,"",SUM(M77,S77,AA77)) | AC77: {=IF(AB77="","",IFERROR(INDEX(HELPER!$D$8:$D$48,IF(AB77>=HELPER!$B$8,1,MATCH(AB77,HELPER!$B$8:$B$48,-1)+1)),""))} | AD77: =IF(AC77="","",IFERROR(VLOOKUP(AC77,HELPER!$F$8:$G$48,2,FALSE),""))
B78: 10 | C78: =IF('INPUT DATA'!N20="","",'INPUT DATA'!N20) | K78: =IF(COUNT($F78:$J78)=0,"",SUM($F78:$J78)) | L78: =IF(COUNT(F78:J78)=0,"",IFERROR(K78/$K$15*$L$15,"")) | M78: =IF(L78="","",L78*$M$15) | Q78: =IF(COUNT(N78:P78)=0,"",SUM(N78:P78)) | R78: =IF(COUNT(N78:P78)=0,"",IFERROR(Q78/$Q$15*$R$15,"")) | S78: =IF(R78="","",R78*$S$15) | W78: =IF(T78="","",IFERROR(T78/$T$15*$W$15,"")) | X78: =IF(U78="","",IFERROR(U78/$U$15*$X$15,"")) | Y78: =IF(V78="","",IFERROR(V78/$V$15*$Y$15,"")) | Z78: =IF(COUNT(T78:V78)=0,"",SUM(W78:Y78)) | AA78: =IF(Z78="","",Z78*$AA$15) | AB78: =IF(COUNT(F78:J78,N78:P78,T78:V78)=0,"",SUM(M78,S78,AA78)) | AC78: {=IF(AB78="","",IFERROR(INDEX(HELPER!$D$8:$D$48,IF(AB78>=HELPER!$B$8,1,MATCH(AB78,HELPER!$B$8:$B$48,-1)+1)),""))} | AD78: =IF(AC78="","",IFERROR(VLOOKUP(AC78,HELPER!$F$8:$G$48,2,FALSE),""))
B79: 11 | C79: =IF('INPUT DATA'!N21="","",'INPUT DATA'!N21) | K79: =IF(COUNT($F79:$J79)=0,"",SUM($F79:$J79)) | L79: =IF(COUNT(F79:J79)=0,"",IFERROR(K79/$K$15*$L$15,"")) | M79: =IF(L79="","",L79*$M$15) | Q79: =IF(COUNT(N79:P79)=0,"",SUM(N79:P79)) | R79: =IF(COUNT(N79:P79)=0,"",IFERROR(Q79/$Q$15*$R$15,"")) | S79: =IF(R79="","",R79*$S$15) | W79: =IF(T79="","",IFERROR(T79/$T$15*$W$15,"")) | X79: =IF(U79="","",IFERROR(U79/$U$15*$X$15,"")) | Y79: =IF(V79="","",IFERROR(V79/$V$15*$Y$15,"")) | Z79: =IF(COUNT(T79:V79)=0,"",SUM(W79:Y79)) | AA79: =IF(Z79="","",Z79*$AA$15) | AB79: =IF(COUNT(F79:J79,N79:P79,T79:V79)=0,"",SUM(M79,S79,AA79)) | AC79: {=IF(AB79="","",IFERROR(INDEX(HELPER!$D$8:$D$48,IF(AB79>=HELPER!$B$8,1,MATCH(AB79,HELPER!$B$8:$B$48,-1)+1)),""))} | AD79: =IF(AC79="","",IFERROR(VLOOKUP(AC79,HELPER!$F$8:$G$48,2,FALSE),""))
B80: 12 | C80: =IF('INPUT DATA'!N22="","",'INPUT DATA'!N22) | K80: =IF(COUNT($F80:$J80)=0,"",SUM($F80:$J80)) | L80: =IF(COUNT(F80:J80)=0,"",IFERROR(K80/$K$15*$L$15,"")) | M80: =IF(L80="","",L80*$M$15) | Q80: =IF(COUNT(N80:P80)=0,"",SUM(N80:P80)) | R80: =IF(COUNT(N80:P80)=0,"",IFERROR(Q80/$Q$15*$R$15,"")) | S80: =IF(R80="","",R80*$S$15) | W80: =IF(T80="","",IFERROR(T80/$T$15*$W$15,"")) | X80: =IF(U80="","",IFERROR(U80/$U$15*$X$15,"")) | Y80: =IF(V80="","",IFERROR(V80/$V$15*$Y$15,"")) | Z80: =IF(COUNT(T80:V80)=0,"",SUM(W80:Y80)) | AA80: =IF(Z80="","",Z80*$AA$15) | AB80: =IF(COUNT(F80:J80,N80:P80,T80:V80)=0,"",SUM(M80,S80,AA80)) | AC80: {=IF(AB80="","",IFERROR(INDEX(HELPER!$D$8:$D$48,IF(AB80>=HELPER!$B$8,1,MATCH(AB80,HELPER!$B$8:$B$48,-1)+1)),""))} | AD80: =IF(AC80="","",IFERROR(VLOOKUP(AC80,HELPER!$F$8:$G$48,2,FALSE),""))
... B118: 50 | C118: =IF('INPUT DATA'!N60="","",'INPUT DATA'!N60) | K118: =IF(COUNT($F118:$J118)=0,"",SUM($F118:$J118)) | L118: =IF(COUNT(F118:J118)=0,"",IFERROR(K118/$K$15*$L$15,"")) | M118: =IF(L118="","",L118*$M$15) | Q118: =IF(COUNT(N118:P118)=0,"",SUM(N118:P118)) | R118: =IF(COUNT(N118:P118)=0,"",IFERROR(Q118/$Q$15*$R$15,"")) | S118: =IF(R118="","",R118*$S$15) | W118: =IF(T118="","",IFERROR(T118/$T$15*$W$15,"")) | X118: =IF(U118="","",IFERROR(U118/$U$15*$X$15,"")) | Y118: =IF(V118="","",IFERROR(V118/$V$15*$Y$15,"")) | Z118: =IF(COUNT(T118:V118)=0,"",SUM(W118:Y118)) | AA118: =IF(Z118="","",Z118*$AA$15) | AB118: =IF(COUNT(F118:J118,N118:P118,T118:V118)=0,"",SUM(M118,S118,AA118)) | AC118: {=IF(AB118="","",IFERROR(INDEX(HELPER!$D$8:$D$48,IF(AB118>=HELPER!$B$8,1,MATCH(AB118,HELPER!$B$8:$B$48,-1)+1)),""))} | AD118: =IF(AC118="","",IFERROR(VLOOKUP(AC118,HELPER!$F$8:$G$48,2,FALSE),""))

Sheet TERM 3
B2: CLASS RECORD
E5: REGION | F5: =IF('INPUT DATA'!E10="","",'INPUT DATA'!E10) | Q5: DIVISION | R5: =IF('INPUT DATA'!E11="","",'INPUT DATA'!E11) | Y5: SCHOOL ID | Z5: =IF('INPUT DATA'!E13="","",'INPUT DATA'!E13)
E7: SCHOOL NAME | F7: =IF('INPUT DATA'!E14="","",'INPUT DATA'!E14) | Y7: SCHOOL YEAR | Z7: =IF('INPUT DATA'!E15="","",'INPUT DATA'!E15)
B10: THIRD TERM | F10: GRADE LEVEL | J10: =IF('INPUT DATA'!E25="","",'INPUT DATA'!E25) | N10: TEACHER | Q10: =IF('INPUT DATA'!E23="","",'INPUT DATA'!E23) | Y10: SUBJECT | AA10: =IF('INPUT DATA'!E24="","",'INPUT DATA'!E24)
F11: SECTION | J11: =IF('INPUT DATA'!E26="","",'INPUT DATA'!E26)
F12: WRITTEN / ORAL WORKS (WWs) | N12: PRODUCT / PERFORMANCE TASKS (PTs) | T12: EXAMINATIONS (EXs) | AB12: Initial Grade | AC12: Term Grade | AD12: Descriptor
F14: 1 | G14: 2 | H14: 3 | I14: 4 | J14: 5 | K14: Total | L14: PS | M14: WS | N14: 1 | O14: 2 | P14: 3 | Q14: Total | R14: PS | S14: WS | T14: ST1 | U14: ST2 | V14: TE | W14: WS ST1 | X14: WS ST2 | Y14: WS TE | Z14: PS | AA14: WS
B15: HIGHEST POSSIBLE SCORE | K15: =IF(COUNT(F15:J15)=0,"",SUM(F15:J15)) | L15: 100 | M15: 0.2 | Q15: =IF(COUNT(N15:P15)=0,"",SUM(N15:P15)) | R15: 100 | S15: 0.5 | W15: 30 | X15: 30 | Y15: 40 | Z15: 100 | AA15: 0.3
B16: LEARNERS' NAMES
B17: MALE
B18: 1 | C18: =IF('INPUT DATA'!K11="","",'INPUT DATA'!K11) | K18: =IF(COUNT($F18:$J18)=0,"",SUM($F18:$J18)) | L18: =IF(COUNT(F18:J18)=0,"",IFERROR(K18/$K$15*$L$15,"")) | M18: =IF(L18="","",L18*$M$15) | Q18: =IF(COUNT(N18:P18)=0,"",SUM(N18:P18)) | R18: =IF(COUNT(N18:P18)=0,"",IFERROR(Q18/$Q$15*$R$15,"")) | S18: =IF(R18="","",R18*$S$15) | W18: =IF(T18="","",IFERROR(T18/$T$15*$W$15,"")) | X18: =IF(U18="","",IFERROR(U18/$U$15*$X$15,"")) | Y18: =IF(V18="","",IFERROR(V18/$V$15*$Y$15,"")) | Z18: =IF(COUNT(T18:V18)=0,"",SUM(W18:Y18)) | AA18: =IF(Z18="","",Z18*$AA$15) | AB18: =IF(COUNT(F18:J18,N18:P18,T18:V18)=0,"",SUM(M18,S18,AA18)) | AC18: {=IF(AB18="","",IFERROR(INDEX(HELPER!$D$8:$D$48,IF(AB18>=HELPER!$B$8,1,MATCH(AB18,HELPER!$B$8:$B$48,-1)+1)),""))} | AD18: =IF(AC18="","",IFERROR(VLOOKUP(AC18,HELPER!$F$8:$G$48,2,FALSE),""))
B19: 2 | C19: =IF('INPUT DATA'!K12="","",'INPUT DATA'!K12) | K19: =IF(COUNT($F19:$J19)=0,"",SUM($F19:$J19)) | L19: =IF(COUNT(F19:J19)=0,"",IFERROR(K19/$K$15*$L$15,"")) | M19: =IF(L19="","",L19*$M$15) | Q19: =IF(COUNT(N19:P19)=0,"",SUM(N19:P19)) | R19: =IF(COUNT(N19:P19)=0,"",IFERROR(Q19/$Q$15*$R$15,"")) | S19: =IF(R19="","",R19*$S$15) | W19: =IF(T19="","",IFERROR(T19/$T$15*$W$15,"")) | X19: =IF(U19="","",IFERROR(U19/$U$15*$X$15,"")) | Y19: =IF(V19="","",IFERROR(V19/$V$15*$Y$15,"")) | Z19: =IF(COUNT(T19:V19)=0,"",SUM(W19:Y19)) | AA19: =IF(Z19="","",Z19*$AA$15) | AB19: =IF(COUNT(F19:J19,N19:P19,T19:V19)=0,"",SUM(M19,S19,AA19)) | AC19: {=IF(AB19="","",IFERROR(INDEX(HELPER!$D$8:$D$48,IF(AB19>=HELPER!$B$8,1,MATCH(AB19,HELPER!$B$8:$B$48,-1)+1)),""))} | AD19: =IF(AC19="","",IFERROR(VLOOKUP(AC19,HELPER!$F$8:$G$48,2,FALSE),""))
B20: 3 | C20: =IF('INPUT DATA'!K13="","",'INPUT DATA'!K13) | K20: =IF(COUNT($F20:$J20)=0,"",SUM($F20:$J20)) | L20: =IF(COUNT(F20:J20)=0,"",IFERROR(K20/$K$15*$L$15,"")) | M20: =IF(L20="","",L20*$M$15) | Q20: =IF(COUNT(N20:P20)=0,"",SUM(N20:P20)) | R20: =IF(COUNT(N20:P20)=0,"",IFERROR(Q20/$Q$15*$R$15,"")) | S20: =IF(R20="","",R20*$S$15) | W20: =IF(T20="","",IFERROR(T20/$T$15*$W$15,"")) | X20: =IF(U20="","",IFERROR(U20/$U$15*$X$15,"")) | Y20: =IF(V20="","",IFERROR(V20/$V$15*$Y$15,"")) | Z20: =IF(COUNT(T20:V20)=0,"",SUM(W20:Y20)) | AA20: =IF(Z20="","",Z20*$AA$15) | AB20: =IF(COUNT(F20:J20,N20:P20,T20:V20)=0,"",SUM(M20,S20,AA20)) | AC20: {=IF(AB20="","",IFERROR(INDEX(HELPER!$D$8:$D$48,IF(AB20>=HELPER!$B$8,1,MATCH(AB20,HELPER!$B$8:$B$48,-1)+1)),""))} | AD20: =IF(AC20="","",IFERROR(VLOOKUP(AC20,HELPER!$F$8:$G$48,2,FALSE),""))
B21: 4 | C21: =IF('INPUT DATA'!K14="","",'INPUT DATA'!K14) | K21: =IF(COUNT($F21:$J21)=0,"",SUM($F21:$J21)) | L21: =IF(COUNT(F21:J21)=0,"",IFERROR(K21/$K$15*$L$15,"")) | M21: =IF(L21="","",L21*$M$15) | Q21: =IF(COUNT(N21:P21)=0,"",SUM(N21:P21)) | R21: =IF(COUNT(N21:P21)=0,"",IFERROR(Q21/$Q$15*$R$15,"")) | S21: =IF(R21="","",R21*$S$15) | W21: =IF(T21="","",IFERROR(T21/$T$15*$W$15,"")) | X21: =IF(U21="","",IFERROR(U21/$U$15*$X$15,"")) | Y21: =IF(V21="","",IFERROR(V21/$V$15*$Y$15,"")) | Z21: =IF(COUNT(T21:V21)=0,"",SUM(W21:Y21)) | AA21: =IF(Z21="","",Z21*$AA$15) | AB21: =IF(COUNT(F21:J21,N21:P21,T21:V21)=0,"",SUM(M21,S21,AA21)) | AC21: {=IF(AB21="","",IFERROR(INDEX(HELPER!$D$8:$D$48,IF(AB21>=HELPER!$B$8,1,MATCH(AB21,HELPER!$B$8:$B$48,-1)+1)),""))} | AD21: =IF(AC21="","",IFERROR(VLOOKUP(AC21,HELPER!$F$8:$G$48,2,FALSE),""))
B22: 5 | C22: =IF('INPUT DATA'!K15="","",'INPUT DATA'!K15) | K22: =IF(COUNT($F22:$J22)=0,"",SUM($F22:$J22)) | L22: =IF(COUNT(F22:J22)=0,"",IFERROR(K22/$K$15*$L$15,"")) | M22: =IF(L22="","",L22*$M$15) | Q22: =IF(COUNT(N22:P22)=0,"",SUM(N22:P22)) | R22: =IF(COUNT(N22:P22)=0,"",IFERROR(Q22/$Q$15*$R$15,"")) | S22: =IF(R22="","",R22*$S$15) | W22: =IF(T22="","",IFERROR(T22/$T$15*$W$15,"")) | X22: =IF(U22="","",IFERROR(U22/$U$15*$X$15,"")) | Y22: =IF(V22="","",IFERROR(V22/$V$15*$Y$15,"")) | Z22: =IF(COUNT(T22:V22)=0,"",SUM(W22:Y22)) | AA22: =IF(Z22="","",Z22*$AA$15) | AB22: =IF(COUNT(F22:J22,N22:P22,T22:V22)=0,"",SUM(M22,S22,AA22)) | AC22: {=IF(AB22="","",IFERROR(INDEX(HELPER!$D$8:$D$48,IF(AB22>=HELPER!$B$8,1,MATCH(AB22,HELPER!$B$8:$B$48,-1)+1)),""))} | AD22: =IF(AC22="","",IFERROR(VLOOKUP(AC22,HELPER!$F$8:$G$48,2,FALSE),""))
B23: 6 | C23: =IF('INPUT DATA'!K16="","",'INPUT DATA'!K16) | K23: =IF(COUNT($F23:$J23)=0,"",SUM($F23:$J23)) | L23: =IF(COUNT(F23:J23)=0,"",IFERROR(K23/$K$15*$L$15,"")) | M23: =IF(L23="","",L23*$M$15) | Q23: =IF(COUNT(N23:P23)=0,"",SUM(N23:P23)) | R23: =IF(COUNT(N23:P23)=0,"",IFERROR(Q23/$Q$15*$R$15,"")) | S23: =IF(R23="","",R23*$S$15) | W23: =IF(T23="","",IFERROR(T23/$T$15*$W$15,"")) | X23: =IF(U23="","",IFERROR(U23/$U$15*$X$15,"")) | Y23: =IF(V23="","",IFERROR(V23/$V$15*$Y$15,"")) | Z23: =IF(COUNT(T23:V23)=0,"",SUM(W23:Y23)) | AA23: =IF(Z23="","",Z23*$AA$15) | AB23: =IF(COUNT(F23:J23,N23:P23,T23:V23)=0,"",SUM(M23,S23,AA23)) | AC23: {=IF(AB23="","",IFERROR(INDEX(HELPER!$D$8:$D$48,IF(AB23>=HELPER!$B$8,1,MATCH(AB23,HELPER!$B$8:$B$48,-1)+1)),""))} | AD23: =IF(AC23="","",IFERROR(VLOOKUP(AC23,HELPER!$F$8:$G$48,2,FALSE),""))
B24: 7 | C24: =IF('INPUT DATA'!K17="","",'INPUT DATA'!K17) | K24: =IF(COUNT($F24:$J24)=0,"",SUM($F24:$J24)) | L24: =IF(COUNT(F24:J24)=0,"",IFERROR(K24/$K$15*$L$15,"")) | M24: =IF(L24="","",L24*$M$15) | Q24: =IF(COUNT(N24:P24)=0,"",SUM(N24:P24)) | R24: =IF(COUNT(N24:P24)=0,"",IFERROR(Q24/$Q$15*$R$15,"")) | S24: =IF(R24="","",R24*$S$15) | W24: =IF(T24="","",IFERROR(T24/$T$15*$W$15,"")) | X24: =IF(U24="","",IFERROR(U24/$U$15*$X$15,"")) | Y24: =IF(V24="","",IFERROR(V24/$V$15*$Y$15,"")) | Z24: =IF(COUNT(T24:V24)=0,"",SUM(W24:Y24)) | AA24: =IF(Z24="","",Z24*$AA$15) | AB24: =IF(COUNT(F24:J24,N24:P24,T24:V24)=0,"",SUM(M24,S24,AA24)) | AC24: {=IF(AB24="","",IFERROR(INDEX(HELPER!$D$8:$D$48,IF(AB24>=HELPER!$B$8,1,MATCH(AB24,HELPER!$B$8:$B$48,-1)+1)),""))} | AD24: =IF(AC24="","",IFERROR(VLOOKUP(AC24,HELPER!$F$8:$G$48,2,FALSE),""))
B25: 8 | C25: =IF('INPUT DATA'!K18="","",'INPUT DATA'!K18) | K25: =IF(COUNT($F25:$J25)=0,"",SUM($F25:$J25)) | L25: =IF(COUNT(F25:J25)=0,"",IFERROR(K25/$K$15*$L$15,"")) | M25: =IF(L25="","",L25*$M$15) | Q25: =IF(COUNT(N25:P25)=0,"",SUM(N25:P25)) | R25: =IF(COUNT(N25:P25)=0,"",IFERROR(Q25/$Q$15*$R$15,"")) | S25: =IF(R25="","",R25*$S$15) | W25: =IF(T25="","",IFERROR(T25/$T$15*$W$15,"")) | X25: =IF(U25="","",IFERROR(U25/$U$15*$X$15,"")) | Y25: =IF(V25="","",IFERROR(V25/$V$15*$Y$15,"")) | Z25: =IF(COUNT(T25:V25)=0,"",SUM(W25:Y25)) | AA25: =IF(Z25="","",Z25*$AA$15) | AB25: =IF(COUNT(F25:J25,N25:P25,T25:V25)=0,"",SUM(M25,S25,AA25)) | AC25: {=IF(AB25="","",IFERROR(INDEX(HELPER!$D$8:$D$48,IF(AB25>=HELPER!$B$8,1,MATCH(AB25,HELPER!$B$8:$B$48,-1)+1)),""))} | AD25: =IF(AC25="","",IFERROR(VLOOKUP(AC25,HELPER!$F$8:$G$48,2,FALSE),""))
B26: 9 | C26: =IF('INPUT DATA'!K19="","",'INPUT DATA'!K19) | K26: =IF(COUNT($F26:$J26)=0,"",SUM($F26:$J26)) | L26: =IF(COUNT(F26:J26)=0,"",IFERROR(K26/$K$15*$L$15,"")) | M26: =IF(L26="","",L26*$M$15) | Q26: =IF(COUNT(N26:P26)=0,"",SUM(N26:P26)) | R26: =IF(COUNT(N26:P26)=0,"",IFERROR(Q26/$Q$15*$R$15,"")) | S26: =IF(R26="","",R26*$S$15) | W26: =IF(T26="","",IFERROR(T26/$T$15*$W$15,"")) | X26: =IF(U26="","",IFERROR(U26/$U$15*$X$15,"")) | Y26: =IF(V26="","",IFERROR(V26/$V$15*$Y$15,"")) | Z26: =IF(COUNT(T26:V26)=0,"",SUM(W26:Y26)) | AA26: =IF(Z26="","",Z26*$AA$15) | AB26: =IF(COUNT(F26:J26,N26:P26,T26:V26)=0,"",SUM(M26,S26,AA26)) | AC26: {=IF(AB26="","",IFERROR(INDEX(HELPER!$D$8:$D$48,IF(AB26>=HELPER!$B$8,1,MATCH(AB26,HELPER!$B$8:$B$48,-1)+1)),""))} | AD26: =IF(AC26="","",IFERROR(VLOOKUP(AC26,HELPER!$F$8:$G$48,2,FALSE),""))
B27: 10 | C27: =IF('INPUT DATA'!K20="","",'INPUT DATA'!K20) | K27: =IF(COUNT($F27:$J27)=0,"",SUM($F27:$J27)) | L27: =IF(COUNT(F27:J27)=0,"",IFERROR(K27/$K$15*$L$15,"")) | M27: =IF(L27="","",L27*$M$15) | Q27: =IF(COUNT(N27:P27)=0,"",SUM(N27:P27)) | R27: =IF(COUNT(N27:P27)=0,"",IFERROR(Q27/$Q$15*$R$15,"")) | S27: =IF(R27="","",R27*$S$15) | W27: =IF(T27="","",IFERROR(T27/$T$15*$W$15,"")) | X27: =IF(U27="","",IFERROR(U27/$U$15*$X$15,"")) | Y27: =IF(V27="","",IFERROR(V27/$V$15*$Y$15,"")) | Z27: =IF(COUNT(T27:V27)=0,"",SUM(W27:Y27)) | AA27: =IF(Z27="","",Z27*$AA$15) | AB27: =IF(COUNT(F27:J27,N27:P27,T27:V27)=0,"",SUM(M27,S27,AA27)) | AC27: {=IF(AB27="","",IFERROR(INDEX(HELPER!$D$8:$D$48,IF(AB27>=HELPER!$B$8,1,MATCH(AB27,HELPER!$B$8:$B$48,-1)+1)),""))} | AD27: =IF(AC27="","",IFERROR(VLOOKUP(AC27,HELPER!$F$8:$G$48,2,FALSE),""))
B28: 11 | C28: =IF('INPUT DATA'!K21="","",'INPUT DATA'!K21) | K28: =IF(COUNT($F28:$J28)=0,"",SUM($F28:$J28)) | L28: =IF(COUNT(F28:J28)=0,"",IFERROR(K28/$K$15*$L$15,"")) | M28: =IF(L28="","",L28*$M$15) | Q28: =IF(COUNT(N28:P28)=0,"",SUM(N28:P28)) | R28: =IF(COUNT(N28:P28)=0,"",IFERROR(Q28/$Q$15*$R$15,"")) | S28: =IF(R28="","",R28*$S$15) | W28: =IF(T28="","",IFERROR(T28/$T$15*$W$15,"")) | X28: =IF(U28="","",IFERROR(U28/$U$15*$X$15,"")) | Y28: =IF(V28="","",IFERROR(V28/$V$15*$Y$15,"")) | Z28: =IF(COUNT(T28:V28)=0,"",SUM(W28:Y28)) | AA28: =IF(Z28="","",Z28*$AA$15) | AB28: =IF(COUNT(F28:J28,N28:P28,T28:V28)=0,"",SUM(M28,S28,AA28)) | AC28: {=IF(AB28="","",IFERROR(INDEX(HELPER!$D$8:$D$48,IF(AB28>=HELPER!$B$8,1,MATCH(AB28,HELPER!$B$8:$B$48,-1)+1)),""))} | AD28: =IF(AC28="","",IFERROR(VLOOKUP(AC28,HELPER!$F$8:$G$48,2,FALSE),""))
B29: 12 | C29: =IF('INPUT DATA'!K22="","",'INPUT DATA'!K22) | K29: =IF(COUNT($F29:$J29)=0,"",SUM($F29:$J29)) | L29: =IF(COUNT(F29:J29)=0,"",IFERROR(K29/$K$15*$L$15,"")) | M29: =IF(L29="","",L29*$M$15) | Q29: =IF(COUNT(N29:P29)=0,"",SUM(N29:P29)) | R29: =IF(COUNT(N29:P29)=0,"",IFERROR(Q29/$Q$15*$R$15,"")) | S29: =IF(R29="","",R29*$S$15) | W29: =IF(T29="","",IFERROR(T29/$T$15*$W$15,"")) | X29: =IF(U29="","",IFERROR(U29/$U$15*$X$15,"")) | Y29: =IF(V29="","",IFERROR(V29/$V$15*$Y$15,"")) | Z29: =IF(COUNT(T29:V29)=0,"",SUM(W29:Y29)) | AA29: =IF(Z29="","",Z29*$AA$15) | AB29: =IF(COUNT(F29:J29,N29:P29,T29:V29)=0,"",SUM(M29,S29,AA29)) | AC29: {=IF(AB29="","",IFERROR(INDEX(HELPER!$D$8:$D$48,IF(AB29>=HELPER!$B$8,1,MATCH(AB29,HELPER!$B$8:$B$48,-1)+1)),""))} | AD29: =IF(AC29="","",IFERROR(VLOOKUP(AC29,HELPER!$F$8:$G$48,2,FALSE),""))
... B67: 50 | C67: =IF('INPUT DATA'!K60="","",'INPUT DATA'!K60) | K67: =IF(COUNT($F67:$J67)=0,"",SUM($F67:$J67)) | L67: =IF(COUNT(F67:J67)=0,"",IFERROR(K67/$K$15*$L$15,"")) | M67: =IF(L67="","",L67*$M$15) | Q67: =IF(COUNT(N67:P67)=0,"",SUM(N67:P67)) | R67: =IF(COUNT(N67:P67)=0,"",IFERROR(Q67/$Q$15*$R$15,"")) | S67: =IF(R67="","",R67*$S$15) | W67: =IF(T67="","",IFERROR(T67/$T$15*$W$15,"")) | X67: =IF(U67="","",IFERROR(U67/$U$15*$X$15,"")) | Y67: =IF(V67="","",IFERROR(V67/$V$15*$Y$15,"")) | Z67: =IF(COUNT(T67:V67)=0,"",SUM(W67:Y67)) | AA67: =IF(Z67="","",Z67*$AA$15) | AB67: =IF(COUNT(F67:J67,N67:P67,T67:V67)=0,"",SUM(M67,S67,AA67)) | AC67: {=IF(AB67="","",IFERROR(INDEX(HELPER!$D$8:$D$48,IF(AB67>=HELPER!$B$8,1,MATCH(AB67,HELPER!$B$8:$B$48,-1)+1)),""))} | AD67: =IF(AC67="","",IFERROR(VLOOKUP(AC67,HELPER!$F$8:$G$48,2,FALSE),""))
B68: FEMALE
B69: 1 | C69: =IF('INPUT DATA'!N11="","",'INPUT DATA'!N11) | K69: =IF(COUNT($F69:$J69)=0,"",SUM($F69:$J69)) | L69: =IF(COUNT(F69:J69)=0,"",IFERROR(K69/$K$15*$L$15,"")) | M69: =IF(L69="","",L69*$M$15) | Q69: =IF(COUNT(N69:P69)=0,"",SUM(N69:P69)) | R69: =IF(COUNT(N69:P69)=0,"",IFERROR(Q69/$Q$15*$R$15,"")) | S69: =IF(R69="","",R69*$S$15) | W69: =IF(T69="","",IFERROR(T69/$T$15*$W$15,"")) | X69: =IF(U69="","",IFERROR(U69/$U$15*$X$15,"")) | Y69: =IF(V69="","",IFERROR(V69/$V$15*$Y$15,"")) | Z69: =IF(COUNT(T69:V69)=0,"",SUM(W69:Y69)) | AA69: =IF(Z69="","",Z69*$AA$15) | AB69: =IF(COUNT(F69:J69,N69:P69,T69:V69)=0,"",SUM(M69,S69,AA69)) | AC69: {=IF(AB69="","",IFERROR(INDEX(HELPER!$D$8:$D$48,IF(AB69>=HELPER!$B$8,1,MATCH(AB69,HELPER!$B$8:$B$48,-1)+1)),""))} | AD69: =IF(AC69="","",IFERROR(VLOOKUP(AC69,HELPER!$F$8:$G$48,2,FALSE),""))
B70: 2 | C70: =IF('INPUT DATA'!N12="","",'INPUT DATA'!N12) | K70: =IF(COUNT($F70:$J70)=0,"",SUM($F70:$J70)) | L70: =IF(COUNT(F70:J70)=0,"",IFERROR(K70/$K$15*$L$15,"")) | M70: =IF(L70="","",L70*$M$15) | Q70: =IF(COUNT(N70:P70)=0,"",SUM(N70:P70)) | R70: =IF(COUNT(N70:P70)=0,"",IFERROR(Q70/$Q$15*$R$15,"")) | S70: =IF(R70="","",R70*$S$15) | W70: =IF(T70="","",IFERROR(T70/$T$15*$W$15,"")) | X70: =IF(U70="","",IFERROR(U70/$U$15*$X$15,"")) | Y70: =IF(V70="","",IFERROR(V70/$V$15*$Y$15,"")) | Z70: =IF(COUNT(T70:V70)=0,"",SUM(W70:Y70)) | AA70: =IF(Z70="","",Z70*$AA$15) | AB70: =IF(COUNT(F70:J70,N70:P70,T70:V70)=0,"",SUM(M70,S70,AA70)) | AC70: {=IF(AB70="","",IFERROR(INDEX(HELPER!$D$8:$D$48,IF(AB70>=HELPER!$B$8,1,MATCH(AB70,HELPER!$B$8:$B$48,-1)+1)),""))} | AD70: =IF(AC70="","",IFERROR(VLOOKUP(AC70,HELPER!$F$8:$G$48,2,FALSE),""))
B71: 3 | C71: =IF('INPUT DATA'!N13="","",'INPUT DATA'!N13) | K71: =IF(COUNT($F71:$J71)=0,"",SUM($F71:$J71)) | L71: =IF(COUNT(F71:J71)=0,"",IFERROR(K71/$K$15*$L$15,"")) | M71: =IF(L71="","",L71*$M$15) | Q71: =IF(COUNT(N71:P71)=0,"",SUM(N71:P71)) | R71: =IF(COUNT(N71:P71)=0,"",IFERROR(Q71/$Q$15*$R$15,"")) | S71: =IF(R71="","",R71*$S$15) | W71: =IF(T71="","",IFERROR(T71/$T$15*$W$15,"")) | X71: =IF(U71="","",IFERROR(U71/$U$15*$X$15,"")) | Y71: =IF(V71="","",IFERROR(V71/$V$15*$Y$15,"")) | Z71: =IF(COUNT(T71:V71)=0,"",SUM(W71:Y71)) | AA71: =IF(Z71="","",Z71*$AA$15) | AB71: =IF(COUNT(F71:J71,N71:P71,T71:V71)=0,"",SUM(M71,S71,AA71)) | AC71: {=IF(AB71="","",IFERROR(INDEX(HELPER!$D$8:$D$48,IF(AB71>=HELPER!$B$8,1,MATCH(AB71,HELPER!$B$8:$B$48,-1)+1)),""))} | AD71: =IF(AC71="","",IFERROR(VLOOKUP(AC71,HELPER!$F$8:$G$48,2,FALSE),""))
B72: 4 | C72: =IF('INPUT DATA'!N14="","",'INPUT DATA'!N14) | K72: =IF(COUNT($F72:$J72)=0,"",SUM($F72:$J72)) | L72: =IF(COUNT(F72:J72)=0,"",IFERROR(K72/$K$15*$L$15,"")) | M72: =IF(L72="","",L72*$M$15) | Q72: =IF(COUNT(N72:P72)=0,"",SUM(N72:P72)) | R72: =IF(COUNT(N72:P72)=0,"",IFERROR(Q72/$Q$15*$R$15,"")) | S72: =IF(R72="","",R72*$S$15) | W72: =IF(T72="","",IFERROR(T72/$T$15*$W$15,"")) | X72: =IF(U72="","",IFERROR(U72/$U$15*$X$15,"")) | Y72: =IF(V72="","",IFERROR(V72/$V$15*$Y$15,"")) | Z72: =IF(COUNT(T72:V72)=0,"",SUM(W72:Y72)) | AA72: =IF(Z72="","",Z72*$AA$15) | AB72: =IF(COUNT(F72:J72,N72:P72,T72:V72)=0,"",SUM(M72,S72,AA72)) | AC72: {=IF(AB72="","",IFERROR(INDEX(HELPER!$D$8:$D$48,IF(AB72>=HELPER!$B$8,1,MATCH(AB72,HELPER!$B$8:$B$48,-1)+1)),""))} | AD72: =IF(AC72="","",IFERROR(VLOOKUP(AC72,HELPER!$F$8:$G$48,2,FALSE),""))
B73: 5 | C73: =IF('INPUT DATA'!N15="","",'INPUT DATA'!N15) | K73: =IF(COUNT($F73:$J73)=0,"",SUM($F73:$J73)) | L73: =IF(COUNT(F73:J73)=0,"",IFERROR(K73/$K$15*$L$15,"")) | M73: =IF(L73="","",L73*$M$15) | Q73: =IF(COUNT(N73:P73)=0,"",SUM(N73:P73)) | R73: =IF(COUNT(N73:P73)=0,"",IFERROR(Q73/$Q$15*$R$15,"")) | S73: =IF(R73="","",R73*$S$15) | W73: =IF(T73="","",IFERROR(T73/$T$15*$W$15,"")) | X73: =IF(U73="","",IFERROR(U73/$U$15*$X$15,"")) | Y73: =IF(V73="","",IFERROR(V73/$V$15*$Y$15,"")) | Z73: =IF(COUNT(T73:V73)=0,"",SUM(W73:Y73)) | AA73: =IF(Z73="","",Z73*$AA$15) | AB73: =IF(COUNT(F73:J73,N73:P73,T73:V73)=0,"",SUM(M73,S73,AA73)) | AC73: {=IF(AB73="","",IFERROR(INDEX(HELPER!$D$8:$D$48,IF(AB73>=HELPER!$B$8,1,MATCH(AB73,HELPER!$B$8:$B$48,-1)+1)),""))} | AD73: =IF(AC73="","",IFERROR(VLOOKUP(AC73,HELPER!$F$8:$G$48,2,FALSE),""))
B74: 6 | C74: =IF('INPUT DATA'!N16="","",'INPUT DATA'!N16) | K74: =IF(COUNT($F74:$J74)=0,"",SUM($F74:$J74)) | L74: =IF(COUNT(F74:J74)=0,"",IFERROR(K74/$K$15*$L$15,"")) | M74: =IF(L74="","",L74*$M$15) | Q74: =IF(COUNT(N74:P74)=0,"",SUM(N74:P74)) | R74: =IF(COUNT(N74:P74)=0,"",IFERROR(Q74/$Q$15*$R$15,"")) | S74: =IF(R74="","",R74*$S$15) | W74: =IF(T74="","",IFERROR(T74/$T$15*$W$15,"")) | X74: =IF(U74="","",IFERROR(U74/$U$15*$X$15,"")) | Y74: =IF(V74="","",IFERROR(V74/$V$15*$Y$15,"")) | Z74: =IF(COUNT(T74:V74)=0,"",SUM(W74:Y74)) | AA74: =IF(Z74="","",Z74*$AA$15) | AB74: =IF(COUNT(F74:J74,N74:P74,T74:V74)=0,"",SUM(M74,S74,AA74)) | AC74: {=IF(AB74="","",IFERROR(INDEX(HELPER!$D$8:$D$48,IF(AB74>=HELPER!$B$8,1,MATCH(AB74,HELPER!$B$8:$B$48,-1)+1)),""))} | AD74: =IF(AC74="","",IFERROR(VLOOKUP(AC74,HELPER!$F$8:$G$48,2,FALSE),""))
B75: 7 | C75: =IF('INPUT DATA'!N17="","",'INPUT DATA'!N17) | K75: =IF(COUNT($F75:$J75)=0,"",SUM($F75:$J75)) | L75: =IF(COUNT(F75:J75)=0,"",IFERROR(K75/$K$15*$L$15,"")) | M75: =IF(L75="","",L75*$M$15) | Q75: =IF(COUNT(N75:P75)=0,"",SUM(N75:P75)) | R75: =IF(COUNT(N75:P75)=0,"",IFERROR(Q75/$Q$15*$R$15,"")) | S75: =IF(R75="","",R75*$S$15) | W75: =IF(T75="","",IFERROR(T75/$T$15*$W$15,"")) | X75: =IF(U75="","",IFERROR(U75/$U$15*$X$15,"")) | Y75: =IF(V75="","",IFERROR(V75/$V$15*$Y$15,"")) | Z75: =IF(COUNT(T75:V75)=0,"",SUM(W75:Y75)) | AA75: =IF(Z75="","",Z75*$AA$15) | AB75: =IF(COUNT(F75:J75,N75:P75,T75:V75)=0,"",SUM(M75,S75,AA75)) | AC75: {=IF(AB75="","",IFERROR(INDEX(HELPER!$D$8:$D$48,IF(AB75>=HELPER!$B$8,1,MATCH(AB75,HELPER!$B$8:$B$48,-1)+1)),""))} | AD75: =IF(AC75="","",IFERROR(VLOOKUP(AC75,HELPER!$F$8:$G$48,2,FALSE),""))
B76: 8 | C76: =IF('INPUT DATA'!N18="","",'INPUT DATA'!N18) | K76: =IF(COUNT($F76:$J76)=0,"",SUM($F76:$J76)) | L76: =IF(COUNT(F76:J76)=0,"",IFERROR(K76/$K$15*$L$15,"")) | M76: =IF(L76="","",L76*$M$15) | Q76: =IF(COUNT(N76:P76)=0,"",SUM(N76:P76)) | R76: =IF(COUNT(N76:P76)=0,"",IFERROR(Q76/$Q$15*$R$15,"")) | S76: =IF(R76="","",R76*$S$15) | W76: =IF(T76="","",IFERROR(T76/$T$15*$W$15,"")) | X76: =IF(U76="","",IFERROR(U76/$U$15*$X$15,"")) | Y76: =IF(V76="","",IFERROR(V76/$V$15*$Y$15,"")) | Z76: =IF(COUNT(T76:V76)=0,"",SUM(W76:Y76)) | AA76: =IF(Z76="","",Z76*$AA$15) | AB76: =IF(COUNT(F76:J76,N76:P76,T76:V76)=0,"",SUM(M76,S76,AA76)) | AC76: {=IF(AB76="","",IFERROR(INDEX(HELPER!$D$8:$D$48,IF(AB76>=HELPER!$B$8,1,MATCH(AB76,HELPER!$B$8:$B$48,-1)+1)),""))} | AD76: =IF(AC76="","",IFERROR(VLOOKUP(AC76,HELPER!$F$8:$G$48,2,FALSE),""))
B77: 9 | C77: =IF('INPUT DATA'!N19="","",'INPUT DATA'!N19) | K77: =IF(COUNT($F77:$J77)=0,"",SUM($F77:$J77)) | L77: =IF(COUNT(F77:J77)=0,"",IFERROR(K77/$K$15*$L$15,"")) | M77: =IF(L77="","",L77*$M$15) | Q77: =IF(COUNT(N77:P77)=0,"",SUM(N77:P77)) | R77: =IF(COUNT(N77:P77)=0,"",IFERROR(Q77/$Q$15*$R$15,"")) | S77: =IF(R77="","",R77*$S$15) | W77: =IF(T77="","",IFERROR(T77/$T$15*$W$15,"")) | X77: =IF(U77="","",IFERROR(U77/$U$15*$X$15,"")) | Y77: =IF(V77="","",IFERROR(V77/$V$15*$Y$15,"")) | Z77: =IF(COUNT(T77:V77)=0,"",SUM(W77:Y77)) | AA77: =IF(Z77="","",Z77*$AA$15) | AB77: =IF(COUNT(F77:J77,N77:P77,T77:V77)=0,"",SUM(M77,S77,AA77)) | AC77: {=IF(AB77="","",IFERROR(INDEX(HELPER!$D$8:$D$48,IF(AB77>=HELPER!$B$8,1,MATCH(AB77,HELPER!$B$8:$B$48,-1)+1)),""))} | AD77: =IF(AC77="","",IFERROR(VLOOKUP(AC77,HELPER!$F$8:$G$48,2,FALSE),""))
B78: 10 | C78: =IF('INPUT DATA'!N20="","",'INPUT DATA'!N20) | K78: =IF(COUNT($F78:$J78)=0,"",SUM($F78:$J78)) | L78: =IF(COUNT(F78:J78)=0,"",IFERROR(K78/$K$15*$L$15,"")) | M78: =IF(L78="","",L78*$M$15) | Q78: =IF(COUNT(N78:P78)=0,"",SUM(N78:P78)) | R78: =IF(COUNT(N78:P78)=0,"",IFERROR(Q78/$Q$15*$R$15,"")) | S78: =IF(R78="","",R78*$S$15) | W78: =IF(T78="","",IFERROR(T78/$T$15*$W$15,"")) | X78: =IF(U78="","",IFERROR(U78/$U$15*$X$15,"")) | Y78: =IF(V78="","",IFERROR(V78/$V$15*$Y$15,"")) | Z78: =IF(COUNT(T78:V78)=0,"",SUM(W78:Y78)) | AA78: =IF(Z78="","",Z78*$AA$15) | AB78: =IF(COUNT(F78:J78,N78:P78,T78:V78)=0,"",SUM(M78,S78,AA78)) | AC78: {=IF(AB78="","",IFERROR(INDEX(HELPER!$D$8:$D$48,IF(AB78>=HELPER!$B$8,1,MATCH(AB78,HELPER!$B$8:$B$48,-1)+1)),""))} | AD78: =IF(AC78="","",IFERROR(VLOOKUP(AC78,HELPER!$F$8:$G$48,2,FALSE),""))
B79: 11 | C79: =IF('INPUT DATA'!N21="","",'INPUT DATA'!N21) | K79: =IF(COUNT($F79:$J79)=0,"",SUM($F79:$J79)) | L79: =IF(COUNT(F79:J79)=0,"",IFERROR(K79/$K$15*$L$15,"")) | M79: =IF(L79="","",L79*$M$15) | Q79: =IF(COUNT(N79:P79)=0,"",SUM(N79:P79)) | R79: =IF(COUNT(N79:P79)=0,"",IFERROR(Q79/$Q$15*$R$15,"")) | S79: =IF(R79="","",R79*$S$15) | W79: =IF(T79="","",IFERROR(T79/$T$15*$W$15,"")) | X79: =IF(U79="","",IFERROR(U79/$U$15*$X$15,"")) | Y79: =IF(V79="","",IFERROR(V79/$V$15*$Y$15,"")) | Z79: =IF(COUNT(T79:V79)=0,"",SUM(W79:Y79)) | AA79: =IF(Z79="","",Z79*$AA$15) | AB79: =IF(COUNT(F79:J79,N79:P79,T79:V79)=0,"",SUM(M79,S79,AA79)) | AC79: {=IF(AB79="","",IFERROR(INDEX(HELPER!$D$8:$D$48,IF(AB79>=HELPER!$B$8,1,MATCH(AB79,HELPER!$B$8:$B$48,-1)+1)),""))} | AD79: =IF(AC79="","",IFERROR(VLOOKUP(AC79,HELPER!$F$8:$G$48,2,FALSE),""))
B80: 12 | C80: =IF('INPUT DATA'!N22="","",'INPUT DATA'!N22) | K80: =IF(COUNT($F80:$J80)=0,"",SUM($F80:$J80)) | L80: =IF(COUNT(F80:J80)=0,"",IFERROR(K80/$K$15*$L$15,"")) | M80: =IF(L80="","",L80*$M$15) | Q80: =IF(COUNT(N80:P80)=0,"",SUM(N80:P80)) | R80: =IF(COUNT(N80:P80)=0,"",IFERROR(Q80/$Q$15*$R$15,"")) | S80: =IF(R80="","",R80*$S$15) | W80: =IF(T80="","",IFERROR(T80/$T$15*$W$15,"")) | X80: =IF(U80="","",IFERROR(U80/$U$15*$X$15,"")) | Y80: =IF(V80="","",IFERROR(V80/$V$15*$Y$15,"")) | Z80: =IF(COUNT(T80:V80)=0,"",SUM(W80:Y80)) | AA80: =IF(Z80="","",Z80*$AA$15) | AB80: =IF(COUNT(F80:J80,N80:P80,T80:V80)=0,"",SUM(M80,S80,AA80)) | AC80: {=IF(AB80="","",IFERROR(INDEX(HELPER!$D$8:$D$48,IF(AB80>=HELPER!$B$8,1,MATCH(AB80,HELPER!$B$8:$B$48,-1)+1)),""))} | AD80: =IF(AC80="","",IFERROR(VLOOKUP(AC80,HELPER!$F$8:$G$48,2,FALSE),""))
... B118: 50 | C118: =IF('INPUT DATA'!N60="","",'INPUT DATA'!N60) | K118: =IF(COUNT($F118:$J118)=0,"",SUM($F118:$J118)) | L118: =IF(COUNT(F118:J118)=0,"",IFERROR(K118/$K$15*$L$15,"")) | M118: =IF(L118="","",L118*$M$15) | Q118: =IF(COUNT(N118:P118)=0,"",SUM(N118:P118)) | R118: =IF(COUNT(N118:P118)=0,"",IFERROR(Q118/$Q$15*$R$15,"")) | S118: =IF(R118="","",R118*$S$15) | W118: =IF(T118="","",IFERROR(T118/$T$15*$W$15,"")) | X118: =IF(U118="","",IFERROR(U118/$U$15*$X$15,"")) | Y118: =IF(V118="","",IFERROR(V118/$V$15*$Y$15,"")) | Z118: =IF(COUNT(T118:V118)=0,"",SUM(W118:Y118)) | AA118: =IF(Z118="","",Z118*$AA$15) | AB118: =IF(COUNT(F118:J118,N118:P118,T118:V118)=0,"",SUM(M118,S118,AA118)) | AC118: {=IF(AB118="","",IFERROR(INDEX(HELPER!$D$8:$D$48,IF(AB118>=HELPER!$B$8,1,MATCH(AB118,HELPER!$B$8:$B$48,-1)+1)),""))} | AD118: =IF(AC118="","",IFERROR(VLOOKUP(AC118,HELPER!$F$8:$G$48,2,FALSE),""))

Sheet FINAL GRADES
B2: CLASS RECORD - FINAL GRADES
C5: REGION | D5: =IF('INPUT DATA'!E10="","",'INPUT DATA'!E10) | F5: DIVISION | G5: =IF('INPUT DATA'!E11="","",'INPUT DATA'!E11) | I5: SCHOOL ID | J5: =IF('INPUT DATA'!E13="","",'INPUT DATA'!E13)
C6: SCHOOL NAME | D6: =IF('INPUT DATA'!E14="","",'INPUT DATA'!E14) | I6: SCHOOL YEAR | J6: =IF('INPUT DATA'!E15="","",'INPUT DATA'!E15)
B9: GRADE LEVEL | D9: =IF('INPUT DATA'!E25="","",'INPUT DATA'!E25) | H9: SUBJECT | I9: =IF('INPUT DATA'!E24="","",'INPUT DATA'!E24)
B10: SECTION | D10: =IF('INPUT DATA'!E26="","",'INPUT DATA'!E26) | H10: TEACHER | I10: =IF('INPUT DATA'!E23="","",'INPUT DATA'!E23)
B11: LEARNERS' NAMES | F11: TERM GRADES | I11: FINAL GRADE | J11: DESCRIPTOR | K11: REMARK
F12: TERM 1 | G12: TERM 2 | H12: TERM 3
B13: MALE
B14: 1 | C14: =IF('INPUT DATA'!K11="","",'INPUT DATA'!K11) | F14: =IF('TERM 1'!AC18="","",'TERM 1'!AC18) | G14: =IF('TERM 2'!AC18="","",'TERM 2'!AC18) | H14: =IF('TERM 3'!AC18="","",'TERM 3'!AC18) | I14: =IF(COUNT(F14,G14,H14)<3,"",ROUND(AVERAGE(F14,G14,H14),0)) | J14: {=IF(I14="","",IFERROR(INDEX(HELPER!$G$8:$G$48,MATCH(I14,HELPER!$F$8:$F$48,-1)),""))} | K14: =IF(I14="", "", IF(I14>=75, "Passed", "Failed"))
B15: 2 | C15: =IF('INPUT DATA'!K12="","",'INPUT DATA'!K12) | F15: =IF('TERM 1'!AC19="","",'TERM 1'!AC19) | G15: =IF('TERM 2'!AC19="","",'TERM 2'!AC19) | H15: =IF('TERM 3'!AC19="","",'TERM 3'!AC19) | I15: =IF(COUNT(F15,G15,H15)<3,"",ROUND(AVERAGE(F15,G15,H15),0)) | J15: {=IF(I15="","",IFERROR(INDEX(HELPER!$G$8:$G$48,MATCH(I15,HELPER!$F$8:$F$48,-1)),""))} | K15: =IF(I15="", "", IF(I15>=75, "Passed", "Failed"))
B16: 3 | C16: =IF('INPUT DATA'!K13="","",'INPUT DATA'!K13) | F16: =IF('TERM 1'!AC20="","",'TERM 1'!AC20) | G16: =IF('TERM 2'!AC20="","",'TERM 2'!AC20) | H16: =IF('TERM 3'!AC20="","",'TERM 3'!AC20) | I16: =IF(COUNT(F16,G16,H16)<3,"",ROUND(AVERAGE(F16,G16,H16),0)) | J16: {=IF(I16="","",IFERROR(INDEX(HELPER!$G$8:$G$48,MATCH(I16,HELPER!$F$8:$F$48,-1)),""))} | K16: =IF(I16="", "", IF(I16>=75, "Passed", "Failed"))
B17: 4 | C17: =IF('INPUT DATA'!K14="","",'INPUT DATA'!K14) | F17: =IF('TERM 1'!AC21="","",'TERM 1'!AC21) | G17: =IF('TERM 2'!AC21="","",'TERM 2'!AC21) | H17: =IF('TERM 3'!AC21="","",'TERM 3'!AC21) | I17: =IF(COUNT(F17,G17,H17)<3,"",ROUND(AVERAGE(F17,G17,H17),0)) | J17: {=IF(I17="","",IFERROR(INDEX(HELPER!$G$8:$G$48,MATCH(I17,HELPER!$F$8:$F$48,-1)),""))} | K17: =IF(I17="", "", IF(I17>=75, "Passed", "Failed"))
B18: 5 | C18: =IF('INPUT DATA'!K15="","",'INPUT DATA'!K15) | F18: =IF('TERM 1'!AC22="","",'TERM 1'!AC22) | G18: =IF('TERM 2'!AC22="","",'TERM 2'!AC22) | H18: =IF('TERM 3'!AC22="","",'TERM 3'!AC22) | I18: =IF(COUNT(F18,G18,H18)<3,"",ROUND(AVERAGE(F18,G18,H18),0)) | J18: {=IF(I18="","",IFERROR(INDEX(HELPER!$G$8:$G$48,MATCH(I18,HELPER!$F$8:$F$48,-1)),""))} | K18: =IF(I18="", "", IF(I18>=75, "Passed", "Failed"))
B19: 6 | C19: =IF('INPUT DATA'!K16="","",'INPUT DATA'!K16) | F19: =IF('TERM 1'!AC23="","",'TERM 1'!AC23) | G19: =IF('TERM 2'!AC23="","",'TERM 2'!AC23) | H19: =IF('TERM 3'!AC23="","",'TERM 3'!AC23) | I19: =IF(COUNT(F19,G19,H19)<3,"",ROUND(AVERAGE(F19,G19,H19),0)) | J19: {=IF(I19="","",IFERROR(INDEX(HELPER!$G$8:$G$48,MATCH(I19,HELPER!$F$8:$F$48,-1)),""))} | K19: =IF(I19="", "", IF(I19>=75, "Passed", "Failed"))
B20: 7 | C20: =IF('INPUT DATA'!K17="","",'INPUT DATA'!K17) | F20: =IF('TERM 1'!AC24="","",'TERM 1'!AC24) | G20: =IF('TERM 2'!AC24="","",'TERM 2'!AC24) | H20: =IF('TERM 3'!AC24="","",'TERM 3'!AC24) | I20: =IF(COUNT(F20,G20,H20)<3,"",ROUND(AVERAGE(F20,G20,H20),0)) | J20: {=IF(I20="","",IFERROR(INDEX(HELPER!$G$8:$G$48,MATCH(I20,HELPER!$F$8:$F$48,-1)),""))} | K20: =IF(I20="", "", IF(I20>=75, "Passed", "Failed"))
B21: 8 | C21: =IF('INPUT DATA'!K18="","",'INPUT DATA'!K18) | F21: =IF('TERM 1'!AC25="","",'TERM 1'!AC25) | G21: =IF('TERM 2'!AC25="","",'TERM 2'!AC25) | H21: =IF('TERM 3'!AC25="","",'TERM 3'!AC25) | I21: =IF(COUNT(F21,G21,H21)<3,"",ROUND(AVERAGE(F21,G21,H21),0)) | J21: {=IF(I21="","",IFERROR(INDEX(HELPER!$G$8:$G$48,MATCH(I21,HELPER!$F$8:$F$48,-1)),""))} | K21: =IF(I21="", "", IF(I21>=75, "Passed", "Failed"))
B22: 9 | C22: =IF('INPUT DATA'!K19="","",'INPUT DATA'!K19) | F22: =IF('TERM 1'!AC26="","",'TERM 1'!AC26) | G22: =IF('TERM 2'!AC26="","",'TERM 2'!AC26) | H22: =IF('TERM 3'!AC26="","",'TERM 3'!AC26) | I22: =IF(COUNT(F22,G22,H22)<3,"",ROUND(AVERAGE(F22,G22,H22),0)) | J22: {=IF(I22="","",IFERROR(INDEX(HELPER!$G$8:$G$48,MATCH(I22,HELPER!$F$8:$F$48,-1)),""))} | K22: =IF(I22="", "", IF(I22>=75, "Passed", "Failed"))
B23: 10 | C23: =IF('INPUT DATA'!K20="","",'INPUT DATA'!K20) | F23: =IF('TERM 1'!AC27="","",'TERM 1'!AC27) | G23: =IF('TERM 2'!AC27="","",'TERM 2'!AC27) | H23: =IF('TERM 3'!AC27="","",'TERM 3'!AC27) | I23: =IF(COUNT(F23,G23,H23)<3,"",ROUND(AVERAGE(F23,G23,H23),0)) | J23: {=IF(I23="","",IFERROR(INDEX(HELPER!$G$8:$G$48,MATCH(I23,HELPER!$F$8:$F$48,-1)),""))} | K23: =IF(I23="", "", IF(I23>=75, "Passed", "Failed"))
B24: 11 | C24: =IF('INPUT DATA'!K21="","",'INPUT DATA'!K21) | F24: =IF('TERM 1'!AC28="","",'TERM 1'!AC28) | G24: =IF('TERM 2'!AC28="","",'TERM 2'!AC28) | H24: =IF('TERM 3'!AC28="","",'TERM 3'!AC28) | I24: =IF(COUNT(F24,G24,H24)<3,"",ROUND(AVERAGE(F24,G24,H24),0)) | J24: {=IF(I24="","",IFERROR(INDEX(HELPER!$G$8:$G$48,MATCH(I24,HELPER!$F$8:$F$48,-1)),""))} | K24: =IF(I24="", "", IF(I24>=75, "Passed", "Failed"))
B25: 12 | C25: =IF('INPUT DATA'!K22="","",'INPUT DATA'!K22) | F25: =IF('TERM 1'!AC29="","",'TERM 1'!AC29) | G25: =IF('TERM 2'!AC29="","",'TERM 2'!AC29) | H25: =IF('TERM 3'!AC29="","",'TERM 3'!AC29) | I25: =IF(COUNT(F25,G25,H25)<3,"",ROUND(AVERAGE(F25,G25,H25),0)) | J25: {=IF(I25="","",IFERROR(INDEX(HELPER!$G$8:$G$48,MATCH(I25,HELPER!$F$8:$F$48,-1)),""))} | K25: =IF(I25="", "", IF(I25>=75, "Passed", "Failed"))
... B63: 50 | C63: =IF('INPUT DATA'!K60="","",'INPUT DATA'!K60) | F63: =IF('TERM 1'!AC67="","",'TERM 1'!AC67) | G63: =IF('TERM 2'!AC67="","",'TERM 2'!AC67) | H63: =IF('TERM 3'!AC67="","",'TERM 3'!AC67) | I63: =IF(COUNT(F63,G63,H63)<3,"",ROUND(AVERAGE(F63,G63,H63),0)) | J63: {=IF(I63="","",IFERROR(INDEX(HELPER!$G$8:$G$48,MATCH(I63,HELPER!$F$8:$F$48,-1)),""))} | K63: =IF(I63="", "", IF(I63>=75, "Passed", "Failed"))
B64: FEMALE
B65: 1 | C65: =IF('INPUT DATA'!N11="","",'INPUT DATA'!N11) | F65: =IF('TERM 1'!AC69="","",'TERM 1'!AC69) | G65: =IF('TERM 2'!AC69="","",'TERM 2'!AC69) | H65: =IF('TERM 3'!AC69="","",'TERM 3'!AC69) | I65: =IF(COUNT(F65,G65,H65)<3,"",ROUND(AVERAGE(F65,G65,H65),0)) | J65: {=IF(I65="","",IFERROR(INDEX(HELPER!$G$8:$G$48,MATCH(I65,HELPER!$F$8:$F$48,-1)),""))} | K65: =IF(I65="", "", IF(I65>=75, "Passed", "Failed"))
B66: 2 | C66: =IF('INPUT DATA'!N12="","",'INPUT DATA'!N12) | F66: =IF('TERM 1'!AC70="","",'TERM 1'!AC70) | G66: =IF('TERM 2'!AC70="","",'TERM 2'!AC70) | H66: =IF('TERM 3'!AC70="","",'TERM 3'!AC70) | I66: =IF(COUNT(F66,G66,H66)<3,"",ROUND(AVERAGE(F66,G66,H66),0)) | J66: {=IF(I66="","",IFERROR(INDEX(HELPER!$G$8:$G$48,MATCH(I66,HELPER!$F$8:$F$48,-1)),""))} | K66: =IF(I66="", "", IF(I66>=75, "Passed", "Failed"))
B67: 3 | C67: =IF('INPUT DATA'!N13="","",'INPUT DATA'!N13) | F67: =IF('TERM 1'!AC71="","",'TERM 1'!AC71) | G67: =IF('TERM 2'!AC71="","",'TERM 2'!AC71) | H67: =IF('TERM 3'!AC71="","",'TERM 3'!AC71) | I67: =IF(COUNT(F67,G67,H67)<3,"",ROUND(AVERAGE(F67,G67,H67),0)) | J67: {=IF(I67="","",IFERROR(INDEX(HELPER!$G$8:$G$48,MATCH(I67,HELPER!$F$8:$F$48,-1)),""))} | K67: =IF(I67="", "", IF(I67>=75, "Passed", "Failed"))
B68: 4 | C68: =IF('INPUT DATA'!N14="","",'INPUT DATA'!N14) | F68: =IF('TERM 1'!AC72="","",'TERM 1'!AC72) | G68: =IF('TERM 2'!AC72="","",'TERM 2'!AC72) | H68: =IF('TERM 3'!AC72="","",'TERM 3'!AC72) | I68: =IF(COUNT(F68,G68,H68)<3,"",ROUND(AVERAGE(F68,G68,H68),0)) | J68: {=IF(I68="","",IFERROR(INDEX(HELPER!$G$8:$G$48,MATCH(I68,HELPER!$F$8:$F$48,-1)),""))} | K68: =IF(I68="", "", IF(I68>=75, "Passed", "Failed"))
B69: 5 | C69: =IF('INPUT DATA'!N15="","",'INPUT DATA'!N15) | F69: =IF('TERM 1'!AC73="","",'TERM 1'!AC73) | G69: =IF('TERM 2'!AC73="","",'TERM 2'!AC73) | H69: =IF('TERM 3'!AC73="","",'TERM 3'!AC73) | I69: =IF(COUNT(F69,G69,H69)<3,"",ROUND(AVERAGE(F69,G69,H69),0)) | J69: {=IF(I69="","",IFERROR(INDEX(HELPER!$G$8:$G$48,MATCH(I69,HELPER!$F$8:$F$48,-1)),""))} | K69: =IF(I69="", "", IF(I69>=75, "Passed", "Failed"))
B70: 6 | C70: =IF('INPUT DATA'!N16="","",'INPUT DATA'!N16) | F70: =IF('TERM 1'!AC74="","",'TERM 1'!AC74) | G70: =IF('TERM 2'!AC74="","",'TERM 2'!AC74) | H70: =IF('TERM 3'!AC74="","",'TERM 3'!AC74) | I70: =IF(COUNT(F70,G70,H70)<3,"",ROUND(AVERAGE(F70,G70,H70),0)) | J70: {=IF(I70="","",IFERROR(INDEX(HELPER!$G$8:$G$48,MATCH(I70,HELPER!$F$8:$F$48,-1)),""))} | K70: =IF(I70="", "", IF(I70>=75, "Passed", "Failed"))
B71: 7 | C71: =IF('INPUT DATA'!N17="","",'INPUT DATA'!N17) | F71: =IF('TERM 1'!AC75="","",'TERM 1'!AC75) | G71: =IF('TERM 2'!AC75="","",'TERM 2'!AC75) | H71: =IF('TERM 3'!AC75="","",'TERM 3'!AC75) | I71: =IF(COUNT(F71,G71,H71)<3,"",ROUND(AVERAGE(F71,G71,H71),0)) | J71: {=IF(I71="","",IFERROR(INDEX(HELPER!$G$8:$G$48,MATCH(I71,HELPER!$F$8:$F$48,-1)),""))} | K71: =IF(I71="", "", IF(I71>=75, "Passed", "Failed"))
B72: 8 | C72: =IF('INPUT DATA'!N18="","",'INPUT DATA'!N18) | F72: =IF('TERM 1'!AC76="","",'TERM 1'!AC76) | G72: =IF('TERM 2'!AC76="","",'TERM 2'!AC76) | H72: =IF('TERM 3'!AC76="","",'TERM 3'!AC76) | I72: =IF(COUNT(F72,G72,H72)<3,"",ROUND(AVERAGE(F72,G72,H72),0)) | J72: {=IF(I72="","",IFERROR(INDEX(HELPER!$G$8:$G$48,MATCH(I72,HELPER!$F$8:$F$48,-1)),""))} | K72: =IF(I72="", "", IF(I72>=75, "Passed", "Failed"))
B73: 9 | C73: =IF('INPUT DATA'!N19="","",'INPUT DATA'!N19) | F73: =IF('TERM 1'!AC77="","",'TERM 1'!AC77) | G73: =IF('TERM 2'!AC77="","",'TERM 2'!AC77) | H73: =IF('TERM 3'!AC77="","",'TERM 3'!AC77) | I73: =IF(COUNT(F73,G73,H73)<3,"",ROUND(AVERAGE(F73,G73,H73),0)) | J73: {=IF(I73="","",IFERROR(INDEX(HELPER!$G$8:$G$48,MATCH(I73,HELPER!$F$8:$F$48,-1)),""))} | K73: =IF(I73="", "", IF(I73>=75, "Passed", "Failed"))
B74: 10 | C74: =IF('INPUT DATA'!N20="","",'INPUT DATA'!N20) | F74: =IF('TERM 1'!AC78="","",'TERM 1'!AC78) | G74: =IF('TERM 2'!AC78="","",'TERM 2'!AC78) | H74: =IF('TERM 3'!AC78="","",'TERM 3'!AC78) | I74: =IF(COUNT(F74,G74,H74)<3,"",ROUND(AVERAGE(F74,G74,H74),0)) | J74: {=IF(I74="","",IFERROR(INDEX(HELPER!$G$8:$G$48,MATCH(I74,HELPER!$F$8:$F$48,-1)),""))} | K74: =IF(I74="", "", IF(I74>=75, "Passed", "Failed"))
B75: 11 | C75: =IF('INPUT DATA'!N21="","",'INPUT DATA'!N21) | F75: =IF('TERM 1'!AC79="","",'TERM 1'!AC79) | G75: =IF('TERM 2'!AC79="","",'TERM 2'!AC79) | H75: =IF('TERM 3'!AC79="","",'TERM 3'!AC79) | I75: =IF(COUNT(F75,G75,H75)<3,"",ROUND(AVERAGE(F75,G75,H75),0)) | J75: {=IF(I75="","",IFERROR(INDEX(HELPER!$G$8:$G$48,MATCH(I75,HELPER!$F$8:$F$48,-1)),""))} | K75: =IF(I75="", "", IF(I75>=75, "Passed", "Failed"))
B76: 12 | C76: =IF('INPUT DATA'!N22="","",'INPUT DATA'!N22) | F76: =IF('TERM 1'!AC80="","",'TERM 1'!AC80) | G76: =IF('TERM 2'!AC80="","",'TERM 2'!AC80) | H76: =IF('TERM 3'!AC80="","",'TERM 3'!AC80) | I76: =IF(COUNT(F76,G76,H76)<3,"",ROUND(AVERAGE(F76,G76,H76),0)) | J76: {=IF(I76="","",IFERROR(INDEX(HELPER!$G$8:$G$48,MATCH(I76,HELPER!$F$8:$F$48,-1)),""))} | K76: =IF(I76="", "", IF(I76>=75, "Passed", "Failed"))
... B114: 50 | C114: =IF('INPUT DATA'!N60="","",'INPUT DATA'!N60) | F114: =IF('TERM 1'!AC118="","",'TERM 1'!AC118) | G114: =IF('TERM 2'!AC118="","",'TERM 2'!AC118) | H114: =IF('TERM 3'!AC118="","",'TERM 3'!AC118) | I114: =IF(COUNT(F114,G114,H114)<3,"",ROUND(AVERAGE(F114,G114,H114),0)) | J114: {=IF(I114="","",IFERROR(INDEX(HELPER!$G$8:$G$48,MATCH(I114,HELPER!$F$8:$F$48,-1)),""))} | K114: =IF(I114="", "", IF(I114>=75, "Passed", "Failed"))

Sheet HELPER
B2: HELPER
B3: IMPORTANT / DO NOT DELETE
B6: TRANSMUTATION TABLE | F6: DESCRIPTOR
B7: IG (Min.) | C7: IG (Max.) | D7: Transmuted Grade | F7: Numerical Grade | G7: Descriptor | H7: General Description
B8: 99.5 | C8: 100 | D8: 100 | F8: 100 | G8: Advancing | H8: Consistently demonstrates skills and understanding that meet or exceed standards with independence, flexibility, and depth.
B9: 98.32 | C9: 99.49 | D9: 99 | F9: 99 | G9: Advancing
B10: 97.14 | C10: 98.31 | D10: 98 | F10: 98 | G10: Advancing
B11: 95.96 | C11: 97.13 | D11: 97 | F11: 97 | G11: Advancing
B12: 94.78 | C12: 95.95 | D12: 96 | F12: 96 | G12: Advancing
B13: 93.6 | C13: 94.77 | D13: 95 | F13: 95 | G13: Advancing
B14: 92.42 | C14: 93.59 | D14: 94 | F14: 94 | G14: Advancing
B15: 91.24 | C15: 92.41 | D15: 93 | F15: 93 | G15: Advancing
B16: 90.06 | C16: 91.23 | D16: 92 | F16: 92 | G16: Advancing
B17: 88.88 | C17: 90.05 | D17: 91 | F17: 91 | G17: Advancing
B18: 87.7 | C18: 88.87 | D18: 90 | F18: 90 | G18: Advancing
B19: 86.52 | C19: 87.69 | D19: 89 | F19: 89 | G19: Benchmarking | H19: Demonstrates expected grade-level skills and understanding competently and independently.
B20: 85.34 | C20: 86.51 | D20: 88 | F20: 88 | G20: Benchmarking
B21: 84.16 | C21: 85.33 | D21: 87 | F21: 87 | G21: Benchmarking
B22: 82.98 | C22: 84.15 | D22: 86 | F22: 86 | G22: Benchmarking
B23: 81.8 | C23: 82.97 | D23: 85 | F23: 85 | G23: Benchmarking
B24: 80.62 | C24: 81.79 | D24: 84 | F24: 84 | G24: Benchmarking
B25: 79.44 | C25: 80.61 | D25: 83 | F25: 83 | G25: Benchmarking
B26: 78.26 | C26: 79.43 | D26: 82 | F26: 82 | G26: Benchmarking
B27: 77.08 | C27: 78.25 | D27: 81 | F27: 81 | G27: Benchmarking
B28: 75.9 | C28: 77.07 | D28: 80 | F28: 80 | G28: Benchmarking
B29: 74.72 | C29: 75.89 | D29: 79 | F29: 79 | G29: Connecting | H29: Demonstrates sufficient understanding and application of grade-level standards with occasional guidance and support
B30: 73.54 | C30: 74.71 | D30: 78 | F30: 78 | G30: Connecting
B31: 72.36 | C31: 73.53 | D31: 77 | F31: 77 | G31: Connecting
B32: 71.18 | C32: 72.35 | D32: 76 | F32: 76 | G32: Connecting
B33: 70 | C33: 71.17 | D33: 75 | F33: 75 | G33: Connecting
B34: 65.34 | C34: 69.99 | D34: 74 | F34: 74 | G34: Developing | H34: Demonstrates partial understanding and inconsistent application of skills, requires targeted support and scaffolding
B35: 60.67 | C35: 65.33 | D35: 73 | F35: 73 | G35: Developing
B36: 56.01 | C36: 60.66 | D36: 72 | F36: 72 | G36: Developing
B37: 51.34 | C37: 56 | D37: 71 | F37: 71 | G37: Developing
B38: 46.67 | C38: 51.33 | D38: 70 | F38: 70 | G38: Developing
B39: 42.01 | C39: 46.66 | D39: 69 | F39: 69 | G39: Developing
B40: 37.34 | C40: 42 | D40: 68 | F40: 68 | G40: Developing
B41: 32.68 | C41: 37.33 | D41: 67 | F41: 67 | G41: Developing
B42: 28.01 | C42: 32.67 | D42: 66 | F42: 66 | G42: Developing
B43: 23.35 | C43: 28 | D43: 65 | F43: 65 | G43: Developing
B44: 18.68 | C44: 23.34 | D44: 64 | F44: 64 | G44: Emerging | H44: Does not yet demonstrate foundational skills and understanding; requires intensive support.
B45: 14.01 | C45: 18.67 | D45: 63 | F45: 63 | G45: Emerging
B46: 9.35 | C46: 14 | D46: 62 | F46: 62 | G46: Emerging
B47: 4.68 | C47: 9.34 | D47: 61 | F47: 61 | G47: Emerging
B48: 0 | C48: 4.67 | D48: 60 | F48: 60 | G48: Emerging
